timestamp,temp,kwh
2025-01-01 00:00:00,28.466224747032324,46.179583638553254
2025-01-01 01:00:00,28.734699118993955,46.400664116756296
2025-01-01 02:00:00,30.087004255103892,52.81745634844015
2025-01-01 03:00:00,31.4085976533094,48.30543839354388
2025-01-01 04:00:00,30.479606936197985,47.575734767716575
2025-01-01 05:00:00,30.779321337931197,53.511687084493595
2025-01-01 06:00:00,32.33222367702925,51.41139781310107
2025-01-01 07:00:00,31.58057868681287,54.546640868257946
2025-01-01 08:00:00,30.291350127228693,64.62273817803778
2025-01-01 09:00:00,30.624221803051753,58.91821416466825
2025-01-01 10:00:00,29.19811927037337,59.60070166639798
2025-01-01 11:00:00,28.472726757074696,52.78983131871488
2025-01-01 12:00:00,28.262423241876164,58.13656172958052
2025-01-01 13:00:00,25.761772093589535,51.969461726421464
2025-01-01 14:00:00,25.18891915861291,51.759169331983884
2025-01-01 15:00:00,25.49770305767092,48.95914928770147
2025-01-01 16:00:00,24.660512317002482,44.40567192390295
2025-01-01 17:00:00,25.42247381183235,52.27020905554675
2025-01-01 18:00:00,24.34243416420637,42.6261720381331
2025-01-01 19:00:00,24.0412329846879,37.32216789571061
2025-01-01 20:00:00,26.643296228407266,45.78147881039299
2025-01-01 21:00:00,25.766912040674466,41.95613488083315
2025-01-01 22:00:00,26.62287598837368,48.766204713442065
2025-01-01 23:00:00,26.15259774034501,45.15000339036634
2025-01-02 00:00:00,27.702180266870837,42.90222931539078
2025-01-02 01:00:00,29.002881653566437,47.2871271159739
2025-01-02 02:00:00,28.71689158455314,46.54829274456234
2025-01-02 03:00:00,30.55956520472716,45.26068707847051
2025-01-02 04:00:00,30.255251705909252,46.6382563211836
2025-01-02 05:00:00,30.802108925523566,48.76151334500284
2025-01-02 06:00:00,30.656321156707463,44.07271657350563
2025-01-02 07:00:00,32.51728647296534,53.673596056092535
2025-01-02 08:00:00,30.72496487805395,59.55772124653799
2025-01-02 09:00:00,29.412838046885902,52.924426780459896
2025-01-02 10:00:00,30.295722376173533,60.74493887294435
2025-01-02 11:00:00,27.937468661821725,57.43506182535199
2025-01-02 12:00:00,28.304777322494786,56.629702617085286
2025-01-02 13:00:00,25.793493212079596,50.45608325611636
2025-01-02 14:00:00,25.575137607372238,52.80957414852559
2025-01-02 15:00:00,26.17385509162664,54.153600246358025
2025-01-02 16:00:00,26.130383499133995,52.95690100760026
2025-01-02 17:00:00,25.377003592575754,48.20476971533208
2025-01-02 18:00:00,25.04516782058039,50.91110437357824
2025-01-02 19:00:00,24.999026011152345,43.584688772550656
2025-01-02 20:00:00,24.356792642843722,37.05233958128351
2025-01-02 21:00:00,25.440490736215573,47.08670134258532
2025-01-02 22:00:00,26.269175429723152,40.70762297154552
2025-01-02 23:00:00,28.20692709215855,45.8696898059058
2025-01-03 00:00:00,28.481373300547787,44.249015152967004
2025-01-03 01:00:00,27.57250367991039,45.30031913159949
2025-01-03 02:00:00,29.96574584440885,43.7116774420301
2025-01-03 03:00:00,30.019733188119606,47.39739434216513
2025-01-03 04:00:00,30.263017280001566,46.19706750295712
2025-01-03 05:00:00,31.593597178832916,52.27448996557612
2025-01-03 06:00:00,32.03127828688978,55.63964304292833
2025-01-03 07:00:00,31.84928024305318,54.26672299883938
2025-01-03 08:00:00,30.133180861668222,52.12474746842612
2025-01-03 09:00:00,30.080429111771686,65.27098135997268
2025-01-03 10:00:00,29.971489414015867,59.83452076709116
2025-01-03 11:00:00,29.763371905898467,56.24457200913824
2025-01-03 12:00:00,27.823139278616786,55.55303445848303
2025-01-03 13:00:00,27.2814943522544,54.635259301565995
2025-01-03 14:00:00,25.821410689688193,49.47799309058406
2025-01-03 15:00:00,25.12819302606884,50.82449744895014
2025-01-03 16:00:00,26.25842311545506,50.44274474495819
2025-01-03 17:00:00,26.393693212882468,51.295561805118375
2025-01-03 18:00:00,25.14887057162875,48.2091296216665
2025-01-03 19:00:00,26.11152750833943,37.702735645792025
2025-01-03 20:00:00,25.89771127757781,42.053389710286204
2025-01-03 21:00:00,25.569062521649276,42.78021084851771
2025-01-03 22:00:00,26.995595153299746,45.136722064168666
2025-01-03 23:00:00,28.66045078675823,49.04858717407052
2025-01-04 00:00:00,28.246548875921317,52.81680860670297
2025-01-04 01:00:00,30.303381767168048,53.94791068625178
2025-01-04 02:00:00,27.67941362393748,53.34193611638103
2025-01-04 03:00:00,31.0540520542691,52.82474107815858
2025-01-04 04:00:00,30.94292357315313,53.9952482841382
2025-01-04 05:00:00,30.93378130570379,53.788206135997086
2025-01-04 06:00:00,31.34861832843768,60.66768116860575
2025-01-04 07:00:00,29.58293205439577,57.07764324033261
2025-01-04 08:00:00,30.697548408292583,67.71750284606163
2025-01-04 09:00:00,30.682220107978317,69.44378578999635
2025-01-04 10:00:00,30.95752494300249,64.08569655016852
2025-01-04 11:00:00,28.637050667897924,63.59247656179921
2025-01-04 12:00:00,27.628414824894726,60.35562339966101
2025-01-04 13:00:00,27.097346937034086,62.3158707983161
2025-01-04 14:00:00,27.507531401370937,60.16788382481109
2025-01-04 15:00:00,26.416890251377385,57.39557378724905
2025-01-04 16:00:00,25.25332533284233,58.078711154799166
2025-01-04 17:00:00,25.788046174832758,60.046990616272666
2025-01-04 18:00:00,25.35287174668771,54.63013355949748
2025-01-04 19:00:00,26.152348220768385,47.89099978332596
2025-01-04 20:00:00,25.11549102075408,43.03256193643239
2025-01-04 21:00:00,25.891759646371423,40.11098431098974
2025-01-04 22:00:00,26.46152318470355,49.23212062670758
2025-01-04 23:00:00,26.32794061339602,50.21700917287673
2025-01-05 00:00:00,28.58075541660145,53.23156017714278
2025-01-05 01:00:00,29.329160548001262,47.94380383313917
2025-01-05 02:00:00,29.847949960263755,53.67376163824534
2025-01-05 03:00:00,30.27750983180931,48.84447441710352
2025-01-05 04:00:00,29.809638812662772,58.766453185755545
2025-01-05 05:00:00,30.905120415604703,53.37105300173421
2025-01-05 06:00:00,31.06968758172837,60.69164847549076
2025-01-05 07:00:00,30.599814858439697,58.91727567624389
2025-01-05 08:00:00,30.812906836970296,63.761461248938346
2025-01-05 09:00:00,30.788420223961058,63.02080154932667
2025-01-05 10:00:00,31.35280791591821,68.48616489781179
2025-01-05 11:00:00,29.25997858052282,61.134989333391864
2025-01-05 12:00:00,28.549899507527996,62.69727304002502
2025-01-05 13:00:00,27.50784532702929,59.06563881623197
2025-01-05 14:00:00,25.308842222710553,51.21244075748209
2025-01-05 15:00:00,26.20132775103077,51.47098589448201
2025-01-05 16:00:00,25.793967151549293,58.10919361827252
2025-01-05 17:00:00,27.41667540607081,58.665342491935576
2025-01-05 18:00:00,25.189970423124887,54.6826773108824
2025-01-05 19:00:00,25.68731958994947,49.3247667791904
2025-01-05 20:00:00,25.718013567832276,50.81275125199543
2025-01-05 21:00:00,25.28759642129452,45.70003939424471
2025-01-05 22:00:00,27.7581174465618,49.94281528308166
2025-01-05 23:00:00,28.168948485791642,53.20453637376661
2025-01-06 00:00:00,29.045232347424175,43.21061151626479
2025-01-06 01:00:00,28.46135396126151,46.89989629451381
2025-01-06 02:00:00,31.034642238538616,52.51801394483597
2025-01-06 03:00:00,29.412246283115557,49.98273393486089
2025-01-06 04:00:00,31.47996867618327,45.853685509622494
2025-01-06 05:00:00,33.062548769304925,52.228521975322046
2025-01-06 06:00:00,30.61997772968519,47.481170154962946
2025-01-06 07:00:00,30.857146084974726,50.842523816182144
2025-01-06 08:00:00,31.090204093213167,62.40460110708765
2025-01-06 09:00:00,30.13094661005642,63.7258351204395
2025-01-06 10:00:00,28.67187604493683,55.124480439782076
2025-01-06 11:00:00,29.243714304942124,56.145968253968185
2025-01-06 12:00:00,27.562563818808854,58.06163093049218
2025-01-06 13:00:00,28.014823598990322,56.31641329377349
2025-01-06 14:00:00,26.176867402402696,55.92131585788877
2025-01-06 15:00:00,27.531033970244128,55.422045155468936
2025-01-06 16:00:00,25.18772794456743,46.866560444081564
2025-01-06 17:00:00,25.256980097957992,46.46317911199097
2025-01-06 18:00:00,26.063220563685473,47.259260267457066
2025-01-06 19:00:00,24.52993785777537,41.14004364827108
2025-01-06 20:00:00,25.996298526119727,45.35912781627653
2025-01-06 21:00:00,27.336800649656038,49.75432759354001
2025-01-06 22:00:00,25.626420202140757,43.65687236082309
2025-01-06 23:00:00,27.783656741308018,48.499097866959396
2025-01-07 00:00:00,28.68873841499615,44.899680149032015
2025-01-07 01:00:00,29.88274761232682,45.31969825195671
2025-01-07 02:00:00,28.991271610894945,49.73452689686356
2025-01-07 03:00:00,29.54578723268963,49.43545927555954
2025-01-07 04:00:00,31.496461643444245,52.01596408122232
2025-01-07 05:00:00,31.616197397051163,53.071269756591064
2025-01-07 06:00:00,31.68122645987411,52.99576407514802
2025-01-07 07:00:00,31.655768226062197,55.83183338647264
2025-01-07 08:00:00,30.534888613687933,63.84775625908915
2025-01-07 09:00:00,30.787955480885856,62.05098092261558
2025-01-07 10:00:00,30.215290158236357,61.92493090251423
2025-01-07 11:00:00,28.68580818048388,58.1766423821453
2025-01-07 12:00:00,29.973451788513216,57.56870402321993
2025-01-07 13:00:00,28.083441381019277,57.819888510574124
2025-01-07 14:00:00,26.02778938183529,47.66653568072574
2025-01-07 15:00:00,26.884754722944834,56.554233158188346
2025-01-07 16:00:00,25.103010632062237,46.601850318413916
2025-01-07 17:00:00,26.212722383724167,53.0403101510877
2025-01-07 18:00:00,26.407708642803332,49.998413681767516
2025-01-07 19:00:00,24.926508846048836,41.527882872111185
2025-01-07 20:00:00,26.653456871639552,42.87444669116746
2025-01-07 21:00:00,26.689736577586967,38.257257965166545
2025-01-07 22:00:00,27.638480307593003,46.01136344672284
2025-01-07 23:00:00,29.221809430413003,45.865494644245274
2025-01-08 00:00:00,28.352804595650763,48.67848843461148
2025-01-08 01:00:00,28.72258329227463,46.704626992297555
2025-01-08 02:00:00,29.337503544752643,48.99376933671887
2025-01-08 03:00:00,30.017787204040353,46.159310102227
2025-01-08 04:00:00,31.085509932275095,49.185921183813086
2025-01-08 05:00:00,31.71981414717358,50.71974955660919
2025-01-08 06:00:00,31.770467727917076,54.7569493509784
2025-01-08 07:00:00,32.10863916654908,57.827681763204815
2025-01-08 08:00:00,31.157592813308703,58.66815180872704
2025-01-08 09:00:00,31.833262693738554,65.53041728270244
2025-01-08 10:00:00,29.837389621862695,52.19826906617575
2025-01-08 11:00:00,31.50170755703232,58.1205053993813
2025-01-08 12:00:00,29.049648966665064,54.41303277143679
2025-01-08 13:00:00,27.08693190801247,49.69895136610028
2025-01-08 14:00:00,26.19240109000417,47.39555679264477
2025-01-08 15:00:00,26.813772677087968,54.50378755517173
2025-01-08 16:00:00,25.772268648839063,50.74788047472673
2025-01-08 17:00:00,26.22253800485953,53.33878460156248
2025-01-08 18:00:00,25.927705188111897,53.74128739696595
2025-01-08 19:00:00,25.593074479460356,41.86438504254624
2025-01-08 20:00:00,25.27360390264502,42.46577655321216
2025-01-08 21:00:00,25.21591696514473,40.1800536785337
2025-01-08 22:00:00,26.691903126799442,39.48444546332176
2025-01-08 23:00:00,28.457776988604277,49.39744112195009
2025-01-09 00:00:00,28.788510277961286,45.05198210198694
2025-01-09 01:00:00,28.397101394995097,43.307993614703896
2025-01-09 02:00:00,30.25578002333807,48.92665041459533
2025-01-09 03:00:00,31.046809529999834,48.14582439611016
2025-01-09 04:00:00,30.508225545049534,48.66251483512086
2025-01-09 05:00:00,31.63799284628075,52.98054888799575
2025-01-09 06:00:00,31.663802257413924,53.03986928108344
2025-01-09 07:00:00,30.60063652325983,47.38765554259081
2025-01-09 08:00:00,31.501541382289066,60.23965836927408
2025-01-09 09:00:00,31.187183247311353,64.35992885947117
2025-01-09 10:00:00,30.983676277197347,62.25981765215705
2025-01-09 11:00:00,30.23673405959261,65.65131642531232
2025-01-09 12:00:00,27.51509978829145,58.067564140149194
2025-01-09 13:00:00,27.090518115417463,57.195811813431256
2025-01-09 14:00:00,27.52926349642405,50.38906864219589
2025-01-09 15:00:00,26.90694369982725,55.724079714589315
2025-01-09 16:00:00,26.431197220348647,52.41683459153683
2025-01-09 17:00:00,28.801642996313696,55.1900119827499
2025-01-09 18:00:00,26.073947691211657,52.437151865778574
2025-01-09 19:00:00,26.627910315934397,45.765873172516365
2025-01-09 20:00:00,26.78236048209837,44.7107436407897
2025-01-09 21:00:00,27.01702794014212,40.99522888822963
2025-01-09 22:00:00,26.865019886944847,45.58441253727859
2025-01-09 23:00:00,28.447953523744175,44.293553716511624
2025-01-10 00:00:00,28.066912405095852,46.17049168606539
2025-01-10 01:00:00,29.272174826641468,46.77986448552324
2025-01-10 02:00:00,29.796881738462627,47.97778837402585
2025-01-10 03:00:00,30.87199223179461,52.86831494235183
2025-01-10 04:00:00,33.13497564141804,51.52237499510477
2025-01-10 05:00:00,30.089137901519717,54.99603344556629
2025-01-10 06:00:00,32.234180729025525,47.55826710436245
2025-01-10 07:00:00,30.292777358641395,47.73399619578994
2025-01-10 08:00:00,30.90570329544768,61.740901601631045
2025-01-10 09:00:00,31.677653397859444,63.77271861545293
2025-01-10 10:00:00,30.236596592002282,59.12444670388899
2025-01-10 11:00:00,28.59943388969003,56.306808892437424
2025-01-10 12:00:00,28.112929609317938,56.834923552755136
2025-01-10 13:00:00,28.45239364056609,55.52110012064592
2025-01-10 14:00:00,26.600879271352202,57.06112646223868
2025-01-10 15:00:00,26.737019104831848,55.64468173139213
2025-01-10 16:00:00,26.123553837295646,54.64086996014907
2025-01-10 17:00:00,25.266114819774053,47.580536505482044
2025-01-10 18:00:00,27.400327848186173,54.082424853518006
2025-01-10 19:00:00,26.294530315713114,41.42875672212149
2025-01-10 20:00:00,24.46698229604651,36.02376400581532
2025-01-10 21:00:00,26.713015684981812,44.16392078480457
2025-01-10 22:00:00,26.6557434049112,41.36740085550071
2025-01-10 23:00:00,28.590662109255327,48.429403286210295
2025-01-11 00:00:00,28.118890248626816,48.40342775884527
2025-01-11 01:00:00,29.43757482150702,59.1447565172381
2025-01-11 02:00:00,30.65689666255734,53.493416016827034
2025-01-11 03:00:00,31.566831338268717,58.478203420485
2025-01-11 04:00:00,30.39074592508167,58.07892059631121
2025-01-11 05:00:00,31.383083329567423,55.77762870262102
2025-01-11 06:00:00,31.372950590444212,60.028716993098435
2025-01-11 07:00:00,31.12802093218121,53.34288688452493
2025-01-11 08:00:00,32.76334644295117,74.33037669485978
2025-01-11 09:00:00,31.19821255170138,67.19923038795976
2025-01-11 10:00:00,29.24419967590494,61.85032519272225
2025-01-11 11:00:00,30.26365353232436,64.57703104090153
2025-01-11 12:00:00,30.45063179698308,68.2378950427477
2025-01-11 13:00:00,28.80242191250633,61.09099356696007
2025-01-11 14:00:00,26.037410866609765,55.61926649162924
2025-01-11 15:00:00,26.244199237520334,57.57494883478539
2025-01-11 16:00:00,27.168359547368958,56.372160846954216
2025-01-11 17:00:00,25.288993788010746,61.98182054224479
2025-01-11 18:00:00,26.10796238188996,56.29514851375775
2025-01-11 19:00:00,26.47483660324924,51.14955624438984
2025-01-11 20:00:00,25.413286250757192,47.37232550230627
2025-01-11 21:00:00,26.583966210963894,45.8975370282891
2025-01-11 22:00:00,24.659892967317717,45.3699432135337
2025-01-11 23:00:00,27.156939590997982,52.234499601728615
2025-01-12 00:00:00,28.618363478359946,51.948270255788984
2025-01-12 01:00:00,28.59864858921016,56.056906298131366
2025-01-12 02:00:00,31.626347042619784,60.991970855061204
2025-01-12 03:00:00,29.79762524066561,57.39246999717309
2025-01-12 04:00:00,31.066458621470204,55.54065520182738
2025-01-12 05:00:00,31.822787940170553,55.04149094896253
2025-01-12 06:00:00,32.97343663072737,58.51142311922088
2025-01-12 07:00:00,30.56950575739813,56.6138331853168
2025-01-12 08:00:00,32.34902521255176,70.86560552319024
2025-01-12 09:00:00,30.94992479184979,60.195150411048274
2025-01-12 10:00:00,29.535211078636117,64.13904033670975
2025-01-12 11:00:00,29.966557914192656,65.41407192151634
2025-01-12 12:00:00,28.97966575593325,62.3307655917332
2025-01-12 13:00:00,27.563787362439875,64.4886387694394
2025-01-12 14:00:00,27.376259667466492,61.5426076241923
2025-01-12 15:00:00,26.390846778425427,62.43409992540846
2025-01-12 16:00:00,26.313155664322156,57.71579863472918
2025-01-12 17:00:00,26.452345060224108,61.426653585924164
2025-01-12 18:00:00,27.089231452390756,64.66581579788591
2025-01-12 19:00:00,24.93238812154579,49.81337896660041
2025-01-12 20:00:00,27.928768487846174,47.99535849783691
2025-01-12 21:00:00,25.13742741629683,45.48634111670715
2025-01-12 22:00:00,27.19898992344601,48.92268774585343
2025-01-12 23:00:00,28.514614629354575,53.79406993806722
2025-01-13 00:00:00,29.11247954620469,49.46152384821204
2025-01-13 01:00:00,29.16598357146775,44.98209240656474
2025-01-13 02:00:00,30.22118825173084,49.60165439486632
2025-01-13 03:00:00,30.61460564784924,44.04650816966022
2025-01-13 04:00:00,31.014270457814607,55.15152184147196
2025-01-13 05:00:00,32.46514520850069,51.90013865327115
2025-01-13 06:00:00,32.1732984407887,53.07952901295315
2025-01-13 07:00:00,31.231135854675344,50.287095396451434
2025-01-13 08:00:00,32.205442163716576,66.40787861973008
2025-01-13 09:00:00,31.25484601227759,52.74620349790753
2025-01-13 10:00:00,31.03797574708783,60.81852531778037
2025-01-13 11:00:00,30.167846260863115,58.98466699706051
2025-01-13 12:00:00,28.224490043279005,54.44317291512716
2025-01-13 13:00:00,27.663084084551524,59.97223098909964
2025-01-13 14:00:00,27.98552093611527,52.711949308440175
2025-01-13 15:00:00,27.25466192080379,56.37377998915381
2025-01-13 16:00:00,26.27288856549203,53.3599577840039
2025-01-13 17:00:00,26.08377047979648,55.735344621240216
2025-01-13 18:00:00,26.909817968647403,51.43610508923281
2025-01-13 19:00:00,25.51665146208079,38.73106593437414
2025-01-13 20:00:00,26.727287745599376,46.39732766451107
2025-01-13 21:00:00,26.604611586509904,44.16426478070816
2025-01-13 22:00:00,27.213541089434884,39.34956192095252
2025-01-13 23:00:00,28.99025039829885,45.56453567354812
2025-01-14 00:00:00,29.615024143214224,49.46619141932979
2025-01-14 01:00:00,30.381955908131875,52.200813299277144
2025-01-14 02:00:00,31.499074109747266,49.66064143796621
2025-01-14 03:00:00,31.09281448088965,42.22429809615055
2025-01-14 04:00:00,32.09832965241309,54.34666293155467
2025-01-14 05:00:00,31.604255137616242,48.22669717787731
2025-01-14 06:00:00,32.21402414601456,46.93322706845897
2025-01-14 07:00:00,31.74835409939686,43.65005960396192
2025-01-14 08:00:00,31.63036404737129,64.37659786586154
2025-01-14 09:00:00,31.552137027932975,62.17969900149426
2025-01-14 10:00:00,29.800114517437024,57.963236989249886
2025-01-14 11:00:00,31.405058019879732,65.6961775246718
2025-01-14 12:00:00,28.14987715882404,57.58175293495249
2025-01-14 13:00:00,27.206883038486055,58.82128959744065
2025-01-14 14:00:00,28.381179762823855,51.907917156581945
2025-01-14 15:00:00,27.46670087563451,54.33640970428022
2025-01-14 16:00:00,26.85591070631221,48.490499146517934
2025-01-14 17:00:00,26.55958999256802,52.11911499105604
2025-01-14 18:00:00,25.94489364574627,50.95496100104325
2025-01-14 19:00:00,25.33911008796793,42.49023907013149
2025-01-14 20:00:00,26.41725849922547,42.687756942031534
2025-01-14 21:00:00,26.29164135125447,44.195175847097794
2025-01-14 22:00:00,28.234786850758002,47.93293673078108
2025-01-14 23:00:00,28.060588023514526,51.97384447447558
2025-01-15 00:00:00,28.36101542303074,45.10393779559696
2025-01-15 01:00:00,29.540761642449915,45.350302854410714
2025-01-15 02:00:00,30.851758343885248,51.27141586494267
2025-01-15 03:00:00,30.69175388178121,47.83831690578755
2025-01-15 04:00:00,30.96171307536492,55.17696584096647
2025-01-15 05:00:00,32.11414042852548,51.955798654510176
2025-01-15 06:00:00,32.21738643735173,51.29456648361114
2025-01-15 07:00:00,31.51363611903505,50.310597850809735
2025-01-15 08:00:00,31.242658747323407,63.39203801559705
2025-01-15 09:00:00,31.3283734739105,60.91783130334444
2025-01-15 10:00:00,29.36294570726689,55.928301812689256
2025-01-15 11:00:00,28.671899296271068,61.60547448615851
2025-01-15 12:00:00,28.4466578034628,53.63547452424779
2025-01-15 13:00:00,28.07419832378771,55.640255204916855
2025-01-15 14:00:00,27.77013923294315,56.94316907412836
2025-01-15 15:00:00,28.080377810464746,50.65067472758532
2025-01-15 16:00:00,27.10946466767305,55.237817906029264
2025-01-15 17:00:00,25.9956848776268,48.62690975328689
2025-01-15 18:00:00,26.0062002141426,54.27950872795868
2025-01-15 19:00:00,25.321612209887295,37.6909489420402
2025-01-15 20:00:00,26.40852646031752,44.61365472411812
2025-01-15 21:00:00,26.669165925768997,46.32199786526833
2025-01-15 22:00:00,27.77958802873522,47.58756802862181
2025-01-15 23:00:00,27.583171290315327,45.4036582672819
2025-01-16 00:00:00,29.503309841529358,47.41205488596375
2025-01-16 01:00:00,31.090480895846046,49.23360688351835
2025-01-16 02:00:00,30.500824511370936,54.314588192919
2025-01-16 03:00:00,31.530522351375218,49.65645457197246
2025-01-16 04:00:00,32.238024034858626,49.91724504203554
2025-01-16 05:00:00,31.66463373149496,53.992447521789416
2025-01-16 06:00:00,32.26710661558475,50.69238149849307
2025-01-16 07:00:00,31.995684029629064,49.74204076093393
2025-01-16 08:00:00,31.764049720328803,57.844476710082546
2025-01-16 09:00:00,30.59074514661169,58.61461174551949
2025-01-16 10:00:00,30.607440769543576,59.84524831348896
2025-01-16 11:00:00,30.262688398440346,60.20211430017471
2025-01-16 12:00:00,30.248747516372454,62.30166426236887
2025-01-16 13:00:00,29.078792155697023,58.92251965125202
2025-01-16 14:00:00,29.310378596145668,57.18606481440266
2025-01-16 15:00:00,26.35263423626634,51.84015459614025
2025-01-16 16:00:00,27.18761292815965,55.46817567743292
2025-01-16 17:00:00,26.336728755859898,56.22382224933352
2025-01-16 18:00:00,27.83967497671056,55.4903575565286
2025-01-16 19:00:00,25.543416522985094,39.57075717874194
2025-01-16 20:00:00,25.817978945038483,38.49376409781264
2025-01-16 21:00:00,26.48699817022156,38.340980913162134
2025-01-16 22:00:00,25.888716050688576,43.59849790737001
2025-01-16 23:00:00,27.89077147748425,46.937324230390324
2025-01-17 00:00:00,28.546623602279478,48.11601305942305
2025-01-17 01:00:00,30.050701896010963,48.70528507376357
2025-01-17 02:00:00,30.927334512144164,54.89000635953475
2025-01-17 03:00:00,32.77618674645478,52.54478065986416
2025-01-17 04:00:00,32.51234501342459,56.38802873578588
2025-01-17 05:00:00,31.590184285859713,51.746103029578855
2025-01-17 06:00:00,31.43519799444375,49.758304095960746
2025-01-17 07:00:00,32.445242547594844,55.179027507624006
2025-01-17 08:00:00,30.695819377259237,61.48138323511861
2025-01-17 09:00:00,32.74041708776556,65.00366903577878
2025-01-17 10:00:00,31.597481828099465,62.119302556747634
2025-01-17 11:00:00,29.555046345146234,58.08540417611273
2025-01-17 12:00:00,27.783422108249734,62.17527577346084
2025-01-17 13:00:00,29.460570495547202,61.581796827573484
2025-01-17 14:00:00,27.56229785532034,56.78061682453315
2025-01-17 15:00:00,28.022862437541562,55.77654986218497
2025-01-17 16:00:00,25.280311393133626,53.52603210943053
2025-01-17 17:00:00,25.77665223429221,52.951958350900334
2025-01-17 18:00:00,26.158124691296983,52.16323870265668
2025-01-17 19:00:00,26.293736727667024,41.4180331340029
2025-01-17 20:00:00,26.195801142985726,41.909690044386245
2025-01-17 21:00:00,27.530889333840793,35.04432359327926
2025-01-17 22:00:00,26.79983338801636,43.871502616322374
2025-01-17 23:00:00,28.263569008197837,44.408995974425025
2025-01-18 00:00:00,29.315921403994675,58.54666852203907
2025-01-18 01:00:00,30.40769310117972,55.79187979455876
2025-01-18 02:00:00,31.28897680109627,53.753267983368396
2025-01-18 03:00:00,30.441291568714504,55.644684361301756
2025-01-18 04:00:00,30.590469773389977,52.924482336914444
2025-01-18 05:00:00,33.139603835011165,62.071509150157496
2025-01-18 06:00:00,32.485536108208834,60.34680708779435
2025-01-18 07:00:00,31.518673148247117,60.60713056016961
2025-01-18 08:00:00,33.058682690396495,68.13298346763
2025-01-18 09:00:00,31.433544949619087,67.6824051979988
2025-01-18 10:00:00,31.663122645876218,63.89855537629729
2025-01-18 11:00:00,30.050156819060806,67.1947666200836
2025-01-18 12:00:00,30.868283238530747,68.11952337067571
2025-01-18 13:00:00,29.847500437272156,66.21291585017259
2025-01-18 14:00:00,27.5205135798419,60.54178153778624
2025-01-18 15:00:00,27.875621315829,62.42043704085858
2025-01-18 16:00:00,27.13790944693996,64.66125432941772
2025-01-18 17:00:00,27.41681266578383,59.49498002728485
2025-01-18 18:00:00,25.447746130161075,57.22187858542019
2025-01-18 19:00:00,26.870748587756704,46.108968560417836
2025-01-18 20:00:00,27.468348276751513,47.83824401335772
2025-01-18 21:00:00,25.691372965927023,47.53791121794856
2025-01-18 22:00:00,26.773078088492536,52.50334119939229
2025-01-18 23:00:00,26.811842021109513,48.4924731652424
2025-01-19 00:00:00,29.06955317921381,52.61744613464849
2025-01-19 01:00:00,30.63556958671379,54.92336952257169
2025-01-19 02:00:00,31.98696428844628,56.972265706670335
2025-01-19 03:00:00,31.46567481466492,58.52312903352332
2025-01-19 04:00:00,33.18604729457981,56.24311219470772
2025-01-19 05:00:00,31.07877495906475,60.78461365631673
2025-01-19 06:00:00,30.922372695285333,54.66400395712522
2025-01-19 07:00:00,32.13841796651936,61.01486279604928
2025-01-19 08:00:00,32.19040721727422,65.13273719891197
2025-01-19 09:00:00,31.380243191853825,69.49095813697555
2025-01-19 10:00:00,29.131124966737556,65.4518587635711
2025-01-19 11:00:00,29.990239750466788,66.1350377668579
2025-01-19 12:00:00,28.241503046365573,58.85141991805865
2025-01-19 13:00:00,29.044359550525925,64.0284917597409
2025-01-19 14:00:00,28.078357243646934,57.99187448436132
2025-01-19 15:00:00,26.41185447414793,57.78304828817772
2025-01-19 16:00:00,26.275908901546785,61.38487532565019
2025-01-19 17:00:00,25.53993035039109,59.361980411916186
2025-01-19 18:00:00,26.234935368950918,58.268432491732945
2025-01-19 19:00:00,27.15141502430324,46.94812731597731
2025-01-19 20:00:00,25.898421598347706,49.55392201354845
2025-01-19 21:00:00,27.56699551562409,50.678735641217436
2025-01-19 22:00:00,27.360872552071502,43.28862379903744
2025-01-19 23:00:00,27.87432324565202,53.521671321123186
2025-01-20 00:00:00,29.264467310412805,47.60334265713397
2025-01-20 01:00:00,29.298354875748515,51.344392520296545
2025-01-20 02:00:00,30.407172154098706,46.44709832084926
2025-01-20 03:00:00,30.513109627865013,40.393485890569025
2025-01-20 04:00:00,33.519947916062875,56.173157823948735
2025-01-20 05:00:00,32.27607991882104,53.97163488392379
2025-01-20 06:00:00,31.790311191982383,47.150545262748935
2025-01-20 07:00:00,32.41905300583103,50.41879677289604
2025-01-20 08:00:00,31.858305369977103,70.6106028971185
2025-01-20 09:00:00,31.294636262309513,60.41351342969571
2025-01-20 10:00:00,31.341424958411192,63.6074418542688
2025-01-20 11:00:00,30.73255490172186,58.36661934099419
2025-01-20 12:00:00,28.925690680288028,50.795334527958985
2025-01-20 13:00:00,28.112979870553144,55.09258902660794
2025-01-20 14:00:00,27.630050240655137,53.93727675232093
2025-01-20 15:00:00,25.38723432302834,49.4973870654459
2025-01-20 16:00:00,25.539862537264295,50.627830060556555
2025-01-20 17:00:00,27.545813533464866,55.37526917517366
2025-01-20 18:00:00,27.66606576917748,54.34856753075804
2025-01-20 19:00:00,26.253085287864145,38.463535014313365
2025-01-20 20:00:00,27.21326095746775,45.442424098127766
2025-01-20 21:00:00,27.47777137845164,38.61187321524568
2025-01-20 22:00:00,30.31319624514064,43.41268086940055
2025-01-20 23:00:00,29.46929439221655,50.2622713900945
2025-01-21 00:00:00,29.31237041552087,49.28332756434364
2025-01-21 01:00:00,29.426729271532707,47.79592659353676
2025-01-21 02:00:00,29.62954743249943,44.146839864233755
2025-01-21 03:00:00,31.698795740958907,49.934099511703806
2025-01-21 04:00:00,31.407700103831356,50.74561994383693
2025-01-21 05:00:00,31.174678999894553,46.326740294087855
2025-01-21 06:00:00,31.897446181311462,50.19831715229093
2025-01-21 07:00:00,31.447243564681177,53.56202943095616
2025-01-21 08:00:00,33.36249400811685,69.33440530747797
2025-01-21 09:00:00,32.24133663782469,61.77610169010879
2025-01-21 10:00:00,30.90832637565219,62.90445253912224
2025-01-21 11:00:00,31.37511693512507,55.733030271462724
2025-01-21 12:00:00,29.47659913482358,60.03623216602328
2025-01-21 13:00:00,27.949219992335312,52.89675074202112
2025-01-21 14:00:00,29.13320375052121,58.36180360106209
2025-01-21 15:00:00,27.72451218009357,54.160864669449296
2025-01-21 16:00:00,25.986831353891006,55.73753846635531
2025-01-21 17:00:00,26.364656067371392,49.83307397624875
2025-01-21 18:00:00,25.71420988599768,53.16839668748131
2025-01-21 19:00:00,25.410687225066813,39.90071461523066
2025-01-21 20:00:00,27.557570315377482,44.12871013365048
2025-01-21 21:00:00,28.820917457521947,46.326089744061875
2025-01-21 22:00:00,26.795850429650173,40.695511459887975
2025-01-21 23:00:00,29.088622742750378,47.317224039230666
2025-01-22 00:00:00,28.958384116265233,46.93714674291195
2025-01-22 01:00:00,29.8656549998585,49.48189974496549
2025-01-22 02:00:00,30.504983032171598,50.162484894987465
2025-01-22 03:00:00,30.909025899378484,53.03023026771798
2025-01-22 04:00:00,32.115791685271866,55.578950881631464
2025-01-22 05:00:00,31.711915557301072,48.92957803765852
2025-01-22 06:00:00,32.69526363218656,56.457792039708124
2025-01-22 07:00:00,32.336485162870595,49.64666401183751
2025-01-22 08:00:00,31.885815945422877,64.15803636617439
2025-01-22 09:00:00,30.874167585489058,62.43271800798891
2025-01-22 10:00:00,30.51748110710803,54.19751531780694
2025-01-22 11:00:00,30.859668287530862,60.82634065714378
2025-01-22 12:00:00,29.8796319216622,57.37784911891101
2025-01-22 13:00:00,27.92039684041629,52.9804185389432
2025-01-22 14:00:00,28.058364015906076,59.557612220727954
2025-01-22 15:00:00,27.958687526700484,53.36460012614861
2025-01-22 16:00:00,25.545297735312282,48.56240513620796
2025-01-22 17:00:00,27.015808846599437,53.85554074389427
2025-01-22 18:00:00,25.948799164406015,53.76460773482608
2025-01-22 19:00:00,27.037599627570017,43.24273357159565
2025-01-22 20:00:00,26.270214634975364,45.78549797996341
2025-01-22 21:00:00,25.913672147471438,43.237536851340856
2025-01-22 22:00:00,26.676864221256164,36.4837216390668
2025-01-22 23:00:00,28.740908993584238,45.145235297930604
2025-01-23 00:00:00,29.750431626351613,46.86525062937781
2025-01-23 01:00:00,29.595657460198463,49.71026628864551
2025-01-23 02:00:00,31.55352759199633,43.92189849647105
2025-01-23 03:00:00,30.3347579187189,57.249593379847184
2025-01-23 04:00:00,32.08786599740989,54.35123708002044
2025-01-23 05:00:00,31.471618144031666,52.09554307101007
2025-01-23 06:00:00,32.0211847387327,56.182835678976296
2025-01-23 07:00:00,32.47835004089476,60.491992232048446
2025-01-23 08:00:00,31.452399144100582,64.22655839314626
2025-01-23 09:00:00,31.35632953315021,64.28783244908524
2025-01-23 10:00:00,31.84768787234598,62.717908243615916
2025-01-23 11:00:00,29.85759726466347,58.3190978162934
2025-01-23 12:00:00,30.21120731462654,57.95278683431307
2025-01-23 13:00:00,27.86243100594077,52.674039835549756
2025-01-23 14:00:00,28.466496967306654,54.17865224205349
2025-01-23 15:00:00,28.574588177941106,52.38259082726504
2025-01-23 16:00:00,24.96726181351928,49.71345691227963
2025-01-23 17:00:00,26.00735994173084,46.75924516343635
2025-01-23 18:00:00,27.00431132671886,54.180509960525086
2025-01-23 19:00:00,26.48243983727283,42.559399882964065
2025-01-23 20:00:00,27.241494112318158,44.47549529733274
2025-01-23 21:00:00,26.93814513204213,41.92226652761586
2025-01-23 22:00:00,28.111925454952747,54.83204692945645
2025-01-23 23:00:00,28.6416547013532,50.6353261629767
2025-01-24 00:00:00,30.540177606151737,46.23869219081896
2025-01-24 01:00:00,30.585945766772426,50.75330664247106
2025-01-24 02:00:00,31.37603408648405,49.65284292685932
2025-01-24 03:00:00,31.397770727485558,48.472548129351765
2025-01-24 04:00:00,31.813943188919207,48.24488152668277
2025-01-24 05:00:00,32.1576828854354,54.18047926606148
2025-01-24 06:00:00,32.921513670726526,52.21458390209903
2025-01-24 07:00:00,32.16694185103489,55.80397340393842
2025-01-24 08:00:00,32.435848053694336,66.36587314024112
2025-01-24 09:00:00,33.387592939299886,69.21941044637414
2025-01-24 10:00:00,31.802851719569244,59.68797279700233
2025-01-24 11:00:00,30.12159026639718,60.64495931159095
2025-01-24 12:00:00,30.566923094555047,61.91782422012599
2025-01-24 13:00:00,28.503034523099085,54.88292761626646
2025-01-24 14:00:00,26.47545232868161,50.34049831944827
2025-01-24 15:00:00,26.678162564530325,57.8492546134825
2025-01-24 16:00:00,25.51124220864989,51.60272360276596
2025-01-24 17:00:00,26.42696369072364,54.47643789543776
2025-01-24 18:00:00,26.620686660175533,50.45100795283218
2025-01-24 19:00:00,28.04932432777691,41.83093039043186
2025-01-24 20:00:00,27.269417644481905,42.37660243659109
2025-01-24 21:00:00,27.309351190217157,43.78476798022089
2025-01-24 22:00:00,28.769476421770683,43.592397538735185
2025-01-24 23:00:00,27.06058657431002,43.67952140780689
2025-01-25 00:00:00,29.85726605693612,49.67756333827952
2025-01-25 01:00:00,31.0619237008664,53.55132039414991
2025-01-25 02:00:00,29.985905413825392,56.98736348971633
2025-01-25 03:00:00,32.70509798857445,61.680547940267694
2025-01-25 04:00:00,32.53764774779811,58.392135649876
2025-01-25 05:00:00,32.23432155819583,55.96848587752164
2025-01-25 06:00:00,33.174999903334296,57.632789171423696
2025-01-25 07:00:00,34.38310617555999,61.76978637818404
2025-01-25 08:00:00,32.41234362584938,71.27577400146475
2025-01-25 09:00:00,31.988671223049177,71.3643452755215
2025-01-25 10:00:00,30.80128569081707,64.95271903702482
2025-01-25 11:00:00,29.765356050184995,61.11716361237863
2025-01-25 12:00:00,30.333043063684663,66.4030084282314
2025-01-25 13:00:00,28.20745021441461,59.30280547406875
2025-01-25 14:00:00,28.22602740022478,60.252091403821
2025-01-25 15:00:00,27.16532810947753,63.87341886837067
2025-01-25 16:00:00,27.453882059693065,62.898333993144824
2025-01-25 17:00:00,27.03792661581162,60.142190845215275
2025-01-25 18:00:00,27.498806365855586,56.682094455201884
2025-01-25 19:00:00,26.362983812498264,49.087560564908856
2025-01-25 20:00:00,26.854798250861254,52.52660872391284
2025-01-25 21:00:00,26.76444309426378,48.0490965723782
2025-01-25 22:00:00,27.813339802388377,55.117353914259226
2025-01-25 23:00:00,29.194157669577585,57.42771967379427
2025-01-26 00:00:00,30.336693263518008,60.59724637076284
2025-01-26 01:00:00,29.76982724616719,55.501418422695004
2025-01-26 02:00:00,31.926787106286252,60.230391890733294
2025-01-26 03:00:00,32.936933000805325,64.52904126644285
2025-01-26 04:00:00,32.659926504134,61.13004951864813
2025-01-26 05:00:00,34.13031649911538,60.930867375037046
2025-01-26 06:00:00,32.11207101091887,57.45609931007038
2025-01-26 07:00:00,31.633156086419795,58.655345816876846
2025-01-26 08:00:00,30.90620238243162,62.759480022538256
2025-01-26 09:00:00,33.04925816295271,70.0588879472223
2025-01-26 10:00:00,31.75459489528497,71.44791216620371
2025-01-26 11:00:00,30.463091768780924,59.25980363030982
2025-01-26 12:00:00,29.955077271257583,69.52258539364719
2025-01-26 13:00:00,28.05425399705546,64.86477985080931
2025-01-26 14:00:00,30.187703953895188,63.95857326951991
2025-01-26 15:00:00,27.713158972222264,62.513858633615506
2025-01-26 16:00:00,27.220541994532322,60.00641877087716
2025-01-26 17:00:00,27.413938190453475,64.0350598481323
2025-01-26 18:00:00,27.115909755591098,62.7566869883738
2025-01-26 19:00:00,27.012432110757825,45.42216562981506
2025-01-26 20:00:00,26.50064659449216,50.462951110478414
2025-01-26 21:00:00,27.98695671235088,50.759638521301845
2025-01-26 22:00:00,29.73672196738175,54.77459725284145
2025-01-26 23:00:00,30.030981271818145,52.87125058636322
2025-01-27 00:00:00,31.06746666827316,56.16585121025419
2025-01-27 01:00:00,30.160401961124258,52.408908989731394
2025-01-27 02:00:00,30.501233510754776,47.682906827439695
2025-01-27 03:00:00,31.813608174441566,48.260662893264126
2025-01-27 04:00:00,32.435573508145914,52.2270144217291
2025-01-27 05:00:00,33.5660480606056,56.722394447364
2025-01-27 06:00:00,31.43894566318979,52.3107197255803
2025-01-27 07:00:00,33.914335101397334,59.80520165681993
2025-01-27 08:00:00,32.26458725945177,65.44601623355574
2025-01-27 09:00:00,31.57273285456335,64.73962621547275
2025-01-27 10:00:00,30.48323386675351,60.850387161987626
2025-01-27 11:00:00,29.24548916477659,53.47398430596489
2025-01-27 12:00:00,30.451453834131176,59.22552130799541
2025-01-27 13:00:00,29.075114605404803,60.515475509454646
2025-01-27 14:00:00,27.2609486471688,53.9151387793299
2025-01-27 15:00:00,26.635534005751108,54.453232316223236
2025-01-27 16:00:00,26.926213396176223,52.5109391673788
2025-01-27 17:00:00,28.23035710832595,52.725207249361176
2025-01-27 18:00:00,26.585244285870758,52.48340752242903
2025-01-27 19:00:00,25.69262552559995,42.173868275177874
2025-01-27 20:00:00,26.99824670433957,41.6297809094269
2025-01-27 21:00:00,27.453418167603864,43.70901896711695
2025-01-27 22:00:00,26.135408052608383,39.22534476873714
2025-01-27 23:00:00,28.97302433843983,50.509178561883985
2025-01-28 00:00:00,29.669453459444462,47.52164895423593
2025-01-28 01:00:00,31.187623310769702,55.495988594764015
2025-01-28 02:00:00,32.83336595956768,58.68630227884455
2025-01-28 03:00:00,32.87677345080925,53.935054317291424
2025-01-28 04:00:00,32.23716634252085,50.00155321889548
2025-01-28 05:00:00,31.866757835485277,46.10247047067349
2025-01-28 06:00:00,34.91288892621129,53.42708884809994
2025-01-28 07:00:00,32.799353309690204,49.917331482746384
2025-01-28 08:00:00,32.46342072849507,67.56956619367564
2025-01-28 09:00:00,31.95622135748304,62.86867220515031
2025-01-28 10:00:00,31.512668892225687,62.8916175782822
2025-01-28 11:00:00,30.515169889379813,53.26604277407829
2025-01-28 12:00:00,29.395271478107215,54.3175893729412
2025-01-28 13:00:00,28.640256795311526,59.21370156089961
2025-01-28 14:00:00,28.327998467438604,56.850719578537245
2025-01-28 15:00:00,27.29814092314475,53.69503782560376
2025-01-28 16:00:00,26.685848246116358,54.72905391880981
2025-01-28 17:00:00,27.041567786897716,58.58221543482333
2025-01-28 18:00:00,26.65021930967472,52.307267366803345
2025-01-28 19:00:00,28.15961799561035,45.89542180007284
2025-01-28 20:00:00,25.13534902554368,40.82141900217253
2025-01-28 21:00:00,28.60608622158973,53.66728410468349
2025-01-28 22:00:00,29.351069237609508,41.53385583444003
2025-01-28 23:00:00,27.419031762377323,46.40392621664561
2025-01-29 00:00:00,29.640785285198874,48.00900676708078
2025-01-29 01:00:00,30.394239802974084,51.40994682390589
2025-01-29 02:00:00,30.288926004688896,47.54794914645584
2025-01-29 03:00:00,31.4140023539501,51.39830914453483
2025-01-29 04:00:00,31.624550895443807,54.05842335019534
2025-01-29 05:00:00,34.21452919406926,65.92488315245619
2025-01-29 06:00:00,33.66347807498112,58.01836910317223
2025-01-29 07:00:00,33.82995691532569,53.349725653494716
2025-01-29 08:00:00,33.09034922305106,63.291349555423785
2025-01-29 09:00:00,31.133014287049015,59.67918339153667
2025-01-29 10:00:00,30.995319147439336,55.404644947500756
2025-01-29 11:00:00,31.082892144753053,59.95893528545118
2025-01-29 12:00:00,28.9372331133496,59.28550684949452
2025-01-29 13:00:00,29.708876969293502,54.65328218749792
2025-01-29 14:00:00,28.222675041936647,58.946263028637745
2025-01-29 15:00:00,27.493758370863834,55.95208953080792
2025-01-29 16:00:00,27.88562712367263,52.991428856697624
2025-01-29 17:00:00,27.372568530784783,53.84603444339907
2025-01-29 18:00:00,26.62616242780789,57.7220577929773
2025-01-29 19:00:00,27.944621724287348,47.500962544234824
2025-01-29 20:00:00,26.45200848702992,42.639966241348304
2025-01-29 21:00:00,28.286363502458922,45.20240435354311
2025-01-29 22:00:00,28.88941636683786,47.23077667166313
2025-01-29 23:00:00,28.890841073704397,45.46822325884101
2025-01-30 00:00:00,30.236008618433605,43.11056699602345
2025-01-30 01:00:00,29.75066847483923,54.677736986314805
2025-01-30 02:00:00,32.21432381600543,53.45175786640798
2025-01-30 03:00:00,31.948500835045163,53.7017432984489
2025-01-30 04:00:00,32.154999995577995,52.705276742409666
2025-01-30 05:00:00,33.71208706017663,53.47640630614417
2025-01-30 06:00:00,32.411627248205704,52.78315560392396
2025-01-30 07:00:00,31.746110642416266,47.344814869766346
2025-01-30 08:00:00,31.327875073174102,68.2214346258733
2025-01-30 09:00:00,32.58123050527607,59.94267891422973
2025-01-30 10:00:00,30.450758718642884,56.71546684201565
2025-01-30 11:00:00,32.155394681534965,61.55893281360374
2025-01-30 12:00:00,28.309558674332933,59.82143278835642
2025-01-30 13:00:00,30.555810159964377,60.04398528572384
2025-01-30 14:00:00,28.643916174402005,52.85064172583222
2025-01-30 15:00:00,27.776411367583954,58.76055554392314
2025-01-30 16:00:00,26.941090719839433,55.68696517606743
2025-01-30 17:00:00,27.396633613254362,55.92924537550721
2025-01-30 18:00:00,26.944994438700032,55.64819271317258
2025-01-30 19:00:00,27.959966227385923,52.511024911042014
2025-01-30 20:00:00,27.468408108216224,50.99841927989753
2025-01-30 21:00:00,27.97402326624977,43.2930958502397
2025-01-30 22:00:00,28.184212430868826,50.60323735399734
2025-01-30 23:00:00,29.153088566355493,48.62506398871659
2025-01-31 00:00:00,30.280925190522066,51.00295279135297
2025-01-31 01:00:00,29.44300619659068,42.920598658933244
2025-01-31 02:00:00,30.456135437723848,49.30988649173833
2025-01-31 03:00:00,32.750615394186234,51.512636938525524
2025-01-31 04:00:00,32.769452337264084,56.46919065175528
2025-01-31 05:00:00,32.78527458519348,57.22673575455667
2025-01-31 06:00:00,33.04943092186073,48.26551660630039
2025-01-31 07:00:00,33.21052661856496,54.71284332140412
2025-01-31 08:00:00,32.20095224251425,66.32729855090841
2025-01-31 09:00:00,31.53336033864621,61.20001172262285
2025-01-31 10:00:00,31.691359979486563,64.2316388980829
2025-01-31 11:00:00,30.028442688623954,60.104693242404366
2025-01-31 12:00:00,30.361285979979996,60.67529545982187
2025-01-31 13:00:00,27.89615975671058,54.399142627874156
2025-01-31 14:00:00,29.358008285268934,54.19467250107695
2025-01-31 15:00:00,28.29144141777921,52.5600041097275
2025-01-31 16:00:00,27.641431351506203,56.882633976077116
2025-01-31 17:00:00,27.923059083697623,55.31988111721237
2025-01-31 18:00:00,28.36706333097848,55.64517726193959
2025-01-31 19:00:00,27.948402348555717,44.035454100433235
2025-01-31 20:00:00,25.963908178989787,40.81946818573936
2025-01-31 21:00:00,26.889701858460214,46.5421987286928
2025-01-31 22:00:00,28.034828913251875,44.456959798249294
2025-01-31 23:00:00,29.279099480269522,43.67918492458044
2025-02-01 00:00:00,30.507789645837498,58.144976689128015
2025-02-01 01:00:00,30.289524514246988,54.90651413405043
2025-02-01 02:00:00,31.74307584104386,58.23172411047728
2025-02-01 03:00:00,31.610676427139186,62.72195248804906
2025-02-01 04:00:00,32.20252439842196,58.902862245108004
2025-02-01 05:00:00,31.866111030850828,59.22655087488767
2025-02-01 06:00:00,32.355075832573476,55.70236602473728
2025-02-01 07:00:00,31.910092223836337,57.77915764585252
2025-02-01 08:00:00,31.911040038433647,70.26845020480637
2025-02-01 09:00:00,33.057896210308115,65.83809197703089
2025-02-01 10:00:00,30.834143318396645,67.10399325246108
2025-02-01 11:00:00,32.97602521663968,70.65921860788583
2025-02-01 12:00:00,30.48831675016691,66.00283251706276
2025-02-01 13:00:00,29.465074193110535,67.1486102435737
2025-02-01 14:00:00,27.90697620531723,62.235872714116574
2025-02-01 15:00:00,28.532589989429752,66.79287767604288
2025-02-01 16:00:00,27.035075957118664,56.68236817603149
2025-02-01 17:00:00,27.293492802311285,60.536060745815355
2025-02-01 18:00:00,29.141730060077236,63.70851446730887
2025-02-01 19:00:00,27.119037030815274,46.60650317420225
2025-02-01 20:00:00,28.415004879137424,55.01589378872141
2025-02-01 21:00:00,27.409800945801848,57.311661620001786
2025-02-01 22:00:00,28.56567163706463,52.36719072326484
2025-02-01 23:00:00,30.733845802663044,57.83598570961478
2025-02-02 00:00:00,29.650447039922987,54.62436009930736
2025-02-02 01:00:00,32.37843666785831,57.14043199242343
2025-02-02 02:00:00,32.21822223451758,53.5305191887256
2025-02-02 03:00:00,31.823367608997433,56.16474124690928
2025-02-02 04:00:00,33.256023088750936,56.684966416896486
2025-02-02 05:00:00,33.827841724721786,67.00242133867657
2025-02-02 06:00:00,33.64946865592696,61.22371449889881
2025-02-02 07:00:00,31.79361838910804,57.19075511325296
2025-02-02 08:00:00,32.16838715684662,71.57055835668734
2025-02-02 09:00:00,32.075326121271644,65.3703337097213
2025-02-02 10:00:00,31.592473942873163,65.56586098315805
2025-02-02 11:00:00,31.425015499501306,67.76924470684821
2025-02-02 12:00:00,30.294181486899802,68.61583365069009
2025-02-02 13:00:00,28.307288063877557,63.45817365048597
2025-02-02 14:00:00,28.95617896695797,63.86609756807199
2025-02-02 15:00:00,28.519168938820616,62.568857295585154
2025-02-02 16:00:00,28.001776833144717,62.603905866240815
2025-02-02 17:00:00,28.11886778772969,62.21892073330121
2025-02-02 18:00:00,27.819158409792323,57.98456831329538
2025-02-02 19:00:00,27.621587270668744,50.857094752103194
2025-02-02 20:00:00,27.497811905632968,47.27499545338608
2025-02-02 21:00:00,26.701931595780763,49.306724501107844
2025-02-02 22:00:00,28.995715261459267,51.75034364616196
2025-02-02 23:00:00,29.541713700576125,61.79322952938561
2025-02-03 00:00:00,30.42700432242678,49.64892462911306
2025-02-03 01:00:00,29.964799527321794,44.72392045039446
2025-02-03 02:00:00,30.84489602034387,50.118272204588195
2025-02-03 03:00:00,33.173583878896444,56.27052721892726
2025-02-03 04:00:00,32.77617334093848,59.017203852146835
2025-02-03 05:00:00,33.65271928943578,53.806537521168245
2025-02-03 06:00:00,33.23239595357485,50.07102879436381
2025-02-03 07:00:00,33.13132364313428,57.08689359193465
2025-02-03 08:00:00,33.5584445088046,61.26340399814932
2025-02-03 09:00:00,31.91822581365622,61.144340140058745
2025-02-03 10:00:00,31.786637874223267,61.4430867170689
2025-02-03 11:00:00,30.616378157014008,59.90058032272489
2025-02-03 12:00:00,29.862144270724627,60.81935305852734
2025-02-03 13:00:00,29.185946418588006,55.483800706599254
2025-02-03 14:00:00,28.88744826997745,56.176219129459135
2025-02-03 15:00:00,27.705422011780055,54.82694856235593
2025-02-03 16:00:00,28.61626994177598,56.95807976775313
2025-02-03 17:00:00,26.59627793202767,53.16678180177358
2025-02-03 18:00:00,27.060243937341394,55.01645641288225
2025-02-03 19:00:00,26.960178927183936,46.059840597856294
2025-02-03 20:00:00,28.76924734880015,47.96254757479318
2025-02-03 21:00:00,28.245664730320097,47.20295308510383
2025-02-03 22:00:00,29.535216884245386,43.416720891402264
2025-02-03 23:00:00,28.24483581893334,45.99138757157706
2025-02-04 00:00:00,30.480447237859877,51.303327672152605
2025-02-04 01:00:00,31.754968796970783,54.34576741825876
2025-02-04 02:00:00,31.83263421658481,50.22168926715128
2025-02-04 03:00:00,33.24051166877639,52.85580317913158
2025-02-04 04:00:00,32.45105247643749,51.689592431736685
2025-02-04 05:00:00,34.29206245618015,58.3349541207983
2025-02-04 06:00:00,35.10592552405987,61.29230910808039
2025-02-04 07:00:00,32.874313655679956,52.951384258349115
2025-02-04 08:00:00,32.50848121939717,66.23915313579604
2025-02-04 09:00:00,33.55083495041828,65.76194233824668
2025-02-04 10:00:00,33.03046474174904,64.08197920366096
2025-02-04 11:00:00,30.62497613874942,59.49080436029505
2025-02-04 12:00:00,29.930657571487785,61.11501772248449
2025-02-04 13:00:00,29.264922202768503,58.65359341534452
2025-02-04 14:00:00,27.69124661633705,61.6717201923496
2025-02-04 15:00:00,27.41056512441747,51.782343294959475
2025-02-04 16:00:00,26.8654182004095,54.91205786682703
2025-02-04 17:00:00,26.754791494213965,51.5710216601506
2025-02-04 18:00:00,27.239059115255046,51.42244544649315
2025-02-04 19:00:00,27.556401332326484,44.568920987082755
2025-02-04 20:00:00,28.909131208062416,47.44849361273345
2025-02-04 21:00:00,27.346803449013798,52.97876687340511
2025-02-04 22:00:00,29.55426494394574,47.64523945205273
2025-02-04 23:00:00,29.319158814476502,44.38394967760365
2025-02-05 00:00:00,30.283630126093257,50.32956637945102
2025-02-05 01:00:00,31.63951382285605,45.72720476850178
2025-02-05 02:00:00,30.925023476565364,50.38917191000486
2025-02-05 03:00:00,32.75044923432208,53.99888446866523
2025-02-05 04:00:00,33.05443907173896,56.88179147796577
2025-02-05 05:00:00,33.61493958388893,58.42775799928363
2025-02-05 06:00:00,33.554536008941454,53.887455959371465
2025-02-05 07:00:00,35.18521868461113,57.88155158841023
2025-02-05 08:00:00,32.411085317767466,61.04159108014942
2025-02-05 09:00:00,32.019723873373394,59.25131530764903
2025-02-05 10:00:00,31.324688672675393,62.31412394895761
2025-02-05 11:00:00,30.655276533794563,56.35874111504042
2025-02-05 12:00:00,29.81329139196999,57.420043803830396
2025-02-05 13:00:00,30.49795718339368,56.91080105041091
2025-02-05 14:00:00,29.959604492207088,60.57633764484354
2025-02-05 15:00:00,27.74528371525598,60.345800985260226
2025-02-05 16:00:00,27.059240423978505,49.801868814751316
2025-02-05 17:00:00,27.80255606005712,49.485545459410105
2025-02-05 18:00:00,26.881422658390427,53.01190012905256
2025-02-05 19:00:00,27.931769069152406,45.32427771234761
2025-02-05 20:00:00,27.887463299142926,45.85341185872916
2025-02-05 21:00:00,26.989285458257775,42.24175227916096
2025-02-05 22:00:00,30.061205254879255,48.50825156230636
2025-02-05 23:00:00,30.983446096984057,51.87273420619311
2025-02-06 00:00:00,29.888675795455544,51.9209091097545
2025-02-06 01:00:00,30.84520263520183,44.656218432408444
2025-02-06 02:00:00,32.10759906042298,51.68685999166697
2025-02-06 03:00:00,32.767792523392316,54.62345292392936
2025-02-06 04:00:00,33.50381837733463,52.552944765370135
2025-02-06 05:00:00,34.88484785772334,62.9862350392039
2025-02-06 06:00:00,33.237348965847815,52.920998497839854
2025-02-06 07:00:00,32.638046431079495,53.62460551492124
2025-02-06 08:00:00,31.87352757678475,64.04041592873942
2025-02-06 09:00:00,31.915483059449166,60.67401514060281
2025-02-06 10:00:00,31.852405169544017,56.79461016176598
2025-02-06 11:00:00,32.59101017396485,62.37785473238712
2025-02-06 12:00:00,29.964817708614117,62.024993543286534
2025-02-06 13:00:00,29.781479973846608,57.59597857256848
2025-02-06 14:00:00,28.86576843098485,54.41908027139579
2025-02-06 15:00:00,29.20830102304188,60.35195846998355
2025-02-06 16:00:00,29.802376477188634,57.65195297087038
2025-02-06 17:00:00,27.056434250639594,52.17109921020062
2025-02-06 18:00:00,26.987355193828478,54.02560761788119
2025-02-06 19:00:00,28.316457970631106,48.28187497599235
2025-02-06 20:00:00,28.326343728190785,53.13255930594105
2025-02-06 21:00:00,29.734952264872238,51.004622399742296
2025-02-06 22:00:00,29.346049296103825,51.302408632151916
2025-02-06 23:00:00,29.315015939905845,46.24913009486695
2025-02-07 00:00:00,30.90643134501435,47.5539721031174
2025-02-07 01:00:00,32.09732748023439,52.96218351327928
2025-02-07 02:00:00,32.5902932254184,53.98403755153191
2025-02-07 03:00:00,32.96104704890599,51.094346463936986
2025-02-07 04:00:00,33.88532344348514,55.46769860856122
2025-02-07 05:00:00,34.267121431684245,57.878771382189036
2025-02-07 06:00:00,34.53963467329053,58.252522596977194
2025-02-07 07:00:00,33.850652869399426,57.444038725071785
2025-02-07 08:00:00,32.89828922756034,65.08981480002093
2025-02-07 09:00:00,32.67259877316681,62.28965181389009
2025-02-07 10:00:00,32.89911465366719,62.67670449665441
2025-02-07 11:00:00,30.55681607897828,56.405414748179275
2025-02-07 12:00:00,30.728846127558825,65.66624814716117
2025-02-07 13:00:00,29.342779295291052,57.85735382538177
2025-02-07 14:00:00,28.95690333880836,56.44786684247049
2025-02-07 15:00:00,29.3353486269867,55.01725128421868
2025-02-07 16:00:00,27.98871052352311,64.18665264932494
2025-02-07 17:00:00,27.573279240118218,51.4119185355441
2025-02-07 18:00:00,26.34602256767657,51.136296844999606
2025-02-07 19:00:00,28.133132854415077,46.88714964680533
2025-02-07 20:00:00,28.35221861402005,47.83463240246893
2025-02-07 21:00:00,30.04319091554523,51.95153981362847
2025-02-07 22:00:00,28.687684892498105,52.06065832980438
2025-02-07 23:00:00,29.832770607284093,50.217460059493504
2025-02-08 00:00:00,30.687693940732075,53.06975669341773
2025-02-08 01:00:00,32.52660675288181,58.77705677982192
2025-02-08 02:00:00,31.911950567853907,59.36500813967869
2025-02-08 03:00:00,32.832724557939386,66.30358232880837
2025-02-08 04:00:00,33.57258041289002,57.23722830792914
2025-02-08 05:00:00,33.535251771155764,64.97118270375606
2025-02-08 06:00:00,33.131040102123045,61.17561529246073
2025-02-08 07:00:00,33.54123646694932,63.88771724619723
2025-02-08 08:00:00,33.9451686050046,71.79531933910049
2025-02-08 09:00:00,31.78829509779427,65.69163328565071
2025-02-08 10:00:00,32.09456273308097,71.02283125774974
2025-02-08 11:00:00,30.704547477119696,68.23147854013231
2025-02-08 12:00:00,31.444224296903343,70.51577463164517
2025-02-08 13:00:00,28.49318033462889,62.24781069619609
2025-02-08 14:00:00,28.5410495159462,60.574423058743605
2025-02-08 15:00:00,28.668636150255445,57.92718408538828
2025-02-08 16:00:00,29.142530005797628,65.91467381485396
2025-02-08 17:00:00,27.537809306037875,61.83972519820013
2025-02-08 18:00:00,27.044027372408912,56.78190137174417
2025-02-08 19:00:00,29.095335170448738,51.75588228691785
2025-02-08 20:00:00,26.73169966207716,47.71678295588456
2025-02-08 21:00:00,26.607821884907764,44.44512609688672
2025-02-08 22:00:00,29.340198553806136,51.35931020703564
2025-02-08 23:00:00,29.31008647897382,50.35666459173381
2025-02-09 00:00:00,29.72474294985614,53.267100274077244
2025-02-09 01:00:00,31.884871496707756,56.17667619908528
2025-02-09 02:00:00,32.23676977457767,54.145170831639554
2025-02-09 03:00:00,32.21178664253097,65.04898664826419
2025-02-09 04:00:00,32.11556189597731,62.56563360584685
2025-02-09 05:00:00,34.137472545052034,60.110392316533705
2025-02-09 06:00:00,34.061890145927634,63.128666452630576
2025-02-09 07:00:00,33.360165991404415,62.300694053991826
2025-02-09 08:00:00,34.617115011752155,76.8840645854743
2025-02-09 09:00:00,31.80698173405943,65.79675204132674
2025-02-09 10:00:00,30.821309066820916,69.75467667222493
2025-02-09 11:00:00,30.764659882963276,64.7326718767131
2025-02-09 12:00:00,30.505260390476312,61.90188149035153
2025-02-09 13:00:00,29.9599436277113,67.10030820782383
2025-02-09 14:00:00,28.848740357275645,66.80000791546345
2025-02-09 15:00:00,28.702053177212505,70.42742263957456
2025-02-09 16:00:00,26.94242145285504,55.89718281986843
2025-02-09 17:00:00,28.79896340795211,64.93489318955618
2025-02-09 18:00:00,27.476008260846655,59.22741113814338
2025-02-09 19:00:00,28.537788389964007,54.718095233507306
2025-02-09 20:00:00,28.21783326930956,47.380631231063454
2025-02-09 21:00:00,28.785811435324096,49.02615125648768
2025-02-09 22:00:00,29.497543027746474,51.7679529804442
2025-02-09 23:00:00,30.123438916267,55.45908218628485
2025-02-10 00:00:00,31.10869645203396,49.07240981404607
2025-02-10 01:00:00,32.43429740355344,55.35889835813645
2025-02-10 02:00:00,32.251735179901104,56.13380717859573
2025-02-10 03:00:00,33.283041593770385,56.70820749252276
2025-02-10 04:00:00,33.12080590006346,59.47381353909683
2025-02-10 05:00:00,34.64438949536671,58.60738098002611
2025-02-10 06:00:00,33.05340440249251,50.84543779346602
2025-02-10 07:00:00,34.93304806933578,61.96961606541942
2025-02-10 08:00:00,33.160468094977766,62.87337386414198
2025-02-10 09:00:00,31.571218506005135,64.55944880986596
2025-02-10 10:00:00,32.19700177606856,67.67580584658873
2025-02-10 11:00:00,30.826134053467584,61.857105328432844
2025-02-10 12:00:00,31.267033083330904,56.792183110501675
2025-02-10 13:00:00,29.29596192539045,54.97809496617344
2025-02-10 14:00:00,28.7375714975681,60.69586209627799
2025-02-10 15:00:00,26.96156531582386,53.0234495115545
2025-02-10 16:00:00,27.63459697738735,54.980995164123726
2025-02-10 17:00:00,25.757637303969556,53.640220395636035
2025-02-10 18:00:00,26.327395985351348,54.4782813598734
2025-02-10 19:00:00,28.30507249018816,46.78552991949507
2025-02-10 20:00:00,28.625082159707276,45.8991427738117
2025-02-10 21:00:00,28.813563950008255,45.92640977281779
2025-02-10 22:00:00,28.320937329636557,48.55138366921983
2025-02-10 23:00:00,29.77989202391878,50.264514236257185
2025-02-11 00:00:00,30.643656441696656,49.38668159320061
2025-02-11 01:00:00,30.49630385692264,53.13968388144018
2025-02-11 02:00:00,33.34925711438283,54.64156046049975
2025-02-11 03:00:00,33.469748648989295,52.69056104517755
2025-02-11 04:00:00,33.067843345258694,52.245205924755616
2025-02-11 05:00:00,33.56582462303194,52.4822618125282
2025-02-11 06:00:00,33.81324471932715,55.046610444977816
2025-02-11 07:00:00,31.910928057096886,56.14084333778297
2025-02-11 08:00:00,33.04687277830595,62.06908545785919
2025-02-11 09:00:00,32.22227141813052,63.56551583568925
2025-02-11 10:00:00,31.34524246505318,59.45136840021348
2025-02-11 11:00:00,31.198115373967912,60.375680549327924
2025-02-11 12:00:00,32.08468769444873,58.22231421405196
2025-02-11 13:00:00,30.382755626675156,59.027345440545666
2025-02-11 14:00:00,28.689595281142875,56.060155366642284
2025-02-11 15:00:00,28.983284354494398,58.790775670197
2025-02-11 16:00:00,29.1679466108846,58.17214663935839
2025-02-11 17:00:00,28.488467940432123,52.684065917921686
2025-02-11 18:00:00,27.69424276890525,58.10223171616008
2025-02-11 19:00:00,27.231211571937447,44.647089950153386
2025-02-11 20:00:00,28.60704091250667,47.08785419404446
2025-02-11 21:00:00,28.84000643774687,46.88446452778895
2025-02-11 22:00:00,29.862693048991297,47.199575146517674
2025-02-11 23:00:00,30.378218779007124,50.33420082145901
2025-02-12 00:00:00,31.53741664758725,53.1941152734428
2025-02-12 01:00:00,31.046043441390893,45.64219112046694
2025-02-12 02:00:00,33.25168972783924,53.23675899807235
2025-02-12 03:00:00,32.97717450264535,53.594073193550855
2025-02-12 04:00:00,34.95605938478531,58.68941870969639
2025-02-12 05:00:00,33.04420169972733,58.059496077290575
2025-02-12 06:00:00,35.08654551786398,55.84055948836482
2025-02-12 07:00:00,33.75388058096911,54.263099505290874
2025-02-12 08:00:00,32.77471628379354,62.45688697888872
2025-02-12 09:00:00,32.43198615164797,60.97299230265272
2025-02-12 10:00:00,31.941496628776328,61.4531344464606
2025-02-12 11:00:00,31.81356436776088,64.5768225219335
2025-02-12 12:00:00,31.116042865760182,57.84737067227529
2025-02-12 13:00:00,29.462357336873357,59.31568639183075
2025-02-12 14:00:00,29.178290801522998,52.41521675268639
2025-02-12 15:00:00,30.29027041866163,57.838472764264324
2025-02-12 16:00:00,29.481732800059035,57.078651139452305
2025-02-12 17:00:00,28.149055932203805,60.69287969670904
2025-02-12 18:00:00,27.728177257866342,54.08631214990135
2025-02-12 19:00:00,27.896022057839186,38.60910928375778
2025-02-12 20:00:00,28.5905126421628,40.46625603530929
2025-02-12 21:00:00,27.758220079613416,45.06688490234419
2025-02-12 22:00:00,28.99187324539311,49.02668440907732
2025-02-12 23:00:00,28.58645008092215,47.58197771854163
2025-02-13 00:00:00,31.067589566978892,51.42437153796498
2025-02-13 01:00:00,32.04242495596443,56.16314371325297
2025-02-13 02:00:00,31.86166189905517,50.73221775608791
2025-02-13 03:00:00,34.12872082308634,59.11642914963589
2025-02-13 04:00:00,32.365674749846114,48.362169894643756
2025-02-13 05:00:00,32.474488643594015,50.73923605965503
2025-02-13 06:00:00,33.92777252374265,50.648866357941316
2025-02-13 07:00:00,34.483667189851595,56.24606503972349
2025-02-13 08:00:00,34.69342943341428,67.30938932834667
2025-02-13 09:00:00,32.50242400215916,63.84666768056604
2025-02-13 10:00:00,33.111155735639706,64.78573038281287
2025-02-13 11:00:00,31.493861428601665,58.90629057904781
2025-02-13 12:00:00,30.61010922894201,59.527474078855974
2025-02-13 13:00:00,30.678681883576445,55.729287384620356
2025-02-13 14:00:00,29.770069371625404,62.675811794322485
2025-02-13 15:00:00,27.365776999747627,53.347520380851726
2025-02-13 16:00:00,29.33136713732207,56.32980249004865
2025-02-13 17:00:00,28.954506673345424,61.884932997354014
2025-02-13 18:00:00,27.247760907687045,50.319230033188994
2025-02-13 19:00:00,28.16707641677739,42.3239762081034
2025-02-13 20:00:00,28.545359006567544,43.092985237215885
2025-02-13 21:00:00,28.835429737994154,46.70015938329103
2025-02-13 22:00:00,28.807966945818333,48.149235391385794
2025-02-13 23:00:00,29.434455239236666,50.201045834979496
2025-02-14 00:00:00,30.77739005141343,58.11528804502908
2025-02-14 01:00:00,32.51247365892164,46.77415522345667
2025-02-14 02:00:00,32.73271343188213,55.74509094476109
2025-02-14 03:00:00,32.622662186097344,52.04940021725852
2025-02-14 04:00:00,34.01326848807858,54.46463783187513
2025-02-14 05:00:00,31.41677669056973,49.69088165826388
2025-02-14 06:00:00,34.71684586850427,54.76401355088377
2025-02-14 07:00:00,32.30383976405131,58.20048607910272
2025-02-14 08:00:00,33.1059567664374,67.11761416062903
2025-02-14 09:00:00,32.02341773606531,62.71173986058969
2025-02-14 10:00:00,31.26208812762986,65.32480588719474
2025-02-14 11:00:00,32.50295187341697,58.967726476253915
2025-02-14 12:00:00,30.423672347157076,55.77049483088996
2025-02-14 13:00:00,30.298579278283597,53.00353950432641
2025-02-14 14:00:00,29.26029684510324,55.57029070081597
2025-02-14 15:00:00,29.058145626425443,57.78975770768006
2025-02-14 16:00:00,28.261214609701476,56.17876203125966
2025-02-14 17:00:00,26.87366204998853,53.82061742315899
2025-02-14 18:00:00,28.5948467637643,52.237553681577495
2025-02-14 19:00:00,27.505050562810332,46.918555240900666
2025-02-14 20:00:00,26.95449157792547,44.236967394982834
2025-02-14 21:00:00,28.334020835874217,48.200400348971584
2025-02-14 22:00:00,30.498441140714036,44.2189075205151
2025-02-14 23:00:00,30.70155356658982,51.19726899625504
2025-02-15 00:00:00,30.56770478160081,52.458572887128874
2025-02-15 01:00:00,31.343677460979915,56.226649672109765
2025-02-15 02:00:00,32.08931844815319,60.3638679025849
2025-02-15 03:00:00,34.629345219535416,63.606102213931486
2025-02-15 04:00:00,33.750251062265654,59.19583197274022
2025-02-15 05:00:00,34.088437285747155,62.37800658289813
2025-02-15 06:00:00,34.67085325235257,58.812929908503705
2025-02-15 07:00:00,33.93543529521551,65.53458571908281
2025-02-15 08:00:00,33.23746898382385,70.21159211239417
2025-02-15 09:00:00,32.81086695341876,73.41521034891974
2025-02-15 10:00:00,32.289345481595845,67.54122680558439
2025-02-15 11:00:00,31.593305835226786,66.29722253818846
2025-02-15 12:00:00,31.42873012403668,65.27915386335249
2025-02-15 13:00:00,30.111726062465372,67.82962870751689
2025-02-15 14:00:00,29.93273855089956,62.75063591963378
2025-02-15 15:00:00,28.660732881480588,64.52310548391058
2025-02-15 16:00:00,28.311458430026654,60.813267981040106
2025-02-15 17:00:00,26.350288462634204,52.50262933306671
2025-02-15 18:00:00,28.57968862888908,60.732497328640946
2025-02-15 19:00:00,28.226039790978287,48.269546980672374
2025-02-15 20:00:00,29.046958365661503,53.38623322923772
2025-02-15 21:00:00,26.408301843012502,44.96372011039903
2025-02-15 22:00:00,31.01732625295168,59.609112557456875
2025-02-15 23:00:00,29.958497651295396,54.65206819127263
2025-02-16 00:00:00,31.78112240657366,57.67323234755637
2025-02-16 01:00:00,30.839108546790786,58.47807179758616
2025-02-16 02:00:00,32.88479527723371,63.08435230124826
2025-02-16 03:00:00,32.17316404620437,58.85139902785891
2025-02-16 04:00:00,32.99363719598032,58.07494605411671
2025-02-16 05:00:00,35.323578715144286,59.260532838923325
2025-02-16 06:00:00,33.74203023257297,59.67750514752581
2025-02-16 07:00:00,33.96629993059463,60.28770313512645
2025-02-16 08:00:00,34.18870654908797,72.86084414733524
2025-02-16 09:00:00,33.41244200712138,70.1069549694044
2025-02-16 10:00:00,32.51491127729851,71.5906392152916
2025-02-16 11:00:00,31.963002090464194,66.69445394902348
2025-02-16 12:00:00,32.817308621374266,69.90003201791485
2025-02-16 13:00:00,30.072023980249217,68.68160549403926
2025-02-16 14:00:00,29.555455390555622,65.22529534486502
2025-02-16 15:00:00,29.613779326430098,64.12469016250849
2025-02-16 16:00:00,29.18092068819672,61.71982391294857
2025-02-16 17:00:00,28.94642291876475,61.20386706363162
2025-02-16 18:00:00,28.405560330807,59.57816883659676
2025-02-16 19:00:00,27.082394744132056,48.125289942089005
2025-02-16 20:00:00,29.60324516767121,56.552838818041124
2025-02-16 21:00:00,27.85617949520906,50.4754582774995
2025-02-16 22:00:00,29.636684525374875,50.29671293753108
2025-02-16 23:00:00,29.5146983378606,59.43096488732843
2025-02-17 00:00:00,30.890357414581548,51.562538919682275
2025-02-17 01:00:00,31.98113515540629,48.34521307819181
2025-02-17 02:00:00,32.69875386421616,52.53221017386661
2025-02-17 03:00:00,33.40052503880381,55.453604218332124
2025-02-17 04:00:00,34.830713318456176,62.80906025311325
2025-02-17 05:00:00,34.202273011934324,53.23975404670517
2025-02-17 06:00:00,33.746342783623426,58.67153916859
2025-02-17 07:00:00,34.61071530535383,61.497746830553915
2025-02-17 08:00:00,34.49132069434897,65.19841433460444
2025-02-17 09:00:00,32.08090218330599,61.91308307337008
2025-02-17 10:00:00,32.91958814773582,61.14633092380318
2025-02-17 11:00:00,32.279063421012225,62.491930734581096
2025-02-17 12:00:00,30.703617289167948,60.156741197473515
2025-02-17 13:00:00,31.265776407197674,63.257347527202924
2025-02-17 14:00:00,29.32162362222992,61.0494729330752
2025-02-17 15:00:00,28.920808911073532,54.81316784606742
2025-02-17 16:00:00,28.20513442107553,49.867266765257966
2025-02-17 17:00:00,28.05635385105391,55.43770259406831
2025-02-17 18:00:00,27.06464802233978,54.59697903011753
2025-02-17 19:00:00,26.8918499069133,44.15358289549906
2025-02-17 20:00:00,29.619195931082604,47.334532933421556
2025-02-17 21:00:00,28.142778669641636,46.031257904346745
2025-02-17 22:00:00,28.648554212290897,51.11373200718035
2025-02-17 23:00:00,28.442498865665407,47.34170046508526
2025-02-18 00:00:00,30.47671895263462,48.73798883973306
2025-02-18 01:00:00,30.705873651367785,48.769979121174025
2025-02-18 02:00:00,33.80150047889531,55.333143788978376
2025-02-18 03:00:00,33.91706236581997,60.960932143967874
2025-02-18 04:00:00,33.03544428599736,53.91389758621665
2025-02-18 05:00:00,35.687614473928875,59.178323019509854
2025-02-18 06:00:00,34.7733007403795,56.14500061987418
2025-02-18 07:00:00,33.62580072284653,58.823391373449645
2025-02-18 08:00:00,31.586439990240677,67.73510374666725
2025-02-18 09:00:00,34.94196275241846,69.24737210264739
2025-02-18 10:00:00,31.376230377375343,61.725533390631895
2025-02-18 11:00:00,30.44802648852827,59.9167961788736
2025-02-18 12:00:00,31.805944696393933,55.09778008715185
2025-02-18 13:00:00,32.163233140550076,65.12927224584459
2025-02-18 14:00:00,30.595306605594637,60.474051138057874
2025-02-18 15:00:00,29.31769530326847,59.05687769786542
2025-02-18 16:00:00,28.865615612765133,54.823721520726124
2025-02-18 17:00:00,28.772843318943263,55.637747337166594
2025-02-18 18:00:00,28.595031222615635,55.23798139119862
2025-02-18 19:00:00,28.315064011094517,49.03198417218925
2025-02-18 20:00:00,28.473173022594406,45.11543193086065
2025-02-18 21:00:00,28.816493504906962,53.11766927516192
2025-02-18 22:00:00,28.88471667969288,48.285077280492295
2025-02-18 23:00:00,29.98689115398524,45.14935609718624
2025-02-19 00:00:00,29.67885778255794,48.03630512884842
2025-02-19 01:00:00,31.731008667786014,50.160790235545576
2025-02-19 02:00:00,31.742350348193515,45.553083217288254
2025-02-19 03:00:00,32.27167212370128,57.887422643003674
2025-02-19 04:00:00,33.775214766190345,57.90481420580264
2025-02-19 05:00:00,35.04460254185713,59.67990652904078
2025-02-19 06:00:00,34.7678765187161,58.078388714588094
2025-02-19 07:00:00,32.67460022988291,49.66822770771193
2025-02-19 08:00:00,32.8395969360113,62.66042306615403
2025-02-19 09:00:00,33.90716052786447,68.55823127450809
2025-02-19 10:00:00,31.747233319083602,58.99135988500297
2025-02-19 11:00:00,31.629973849224193,54.338644979851104
2025-02-19 12:00:00,31.473264913133892,60.97055882029823
2025-02-19 13:00:00,29.482090534715777,57.64249030040579
2025-02-19 14:00:00,29.617523638831017,58.71823279913996
2025-02-19 15:00:00,27.844682494420045,57.30598442049969
2025-02-19 16:00:00,27.954052907399962,57.230112670013554
2025-02-19 17:00:00,28.391271302361073,56.8805977599817
2025-02-19 18:00:00,26.758828247088914,56.75248500902017
2025-02-19 19:00:00,28.48782554541536,41.72117663930771
2025-02-19 20:00:00,28.419436783419588,47.66873165358743
2025-02-19 21:00:00,29.353894853888324,49.716625827009814
2025-02-19 22:00:00,29.71235454116598,44.763551315858045
2025-02-19 23:00:00,31.348078442585763,46.917929370607204
2025-02-20 00:00:00,31.177838909654078,48.88228365795054
2025-02-20 01:00:00,31.51059200994311,49.734441290351725
2025-02-20 02:00:00,32.67549730996157,56.076153548438114
2025-02-20 03:00:00,33.6336180743245,53.696896182710816
2025-02-20 04:00:00,33.71482357514963,53.11763688042572
2025-02-20 05:00:00,34.00791013936606,54.37933704077523
2025-02-20 06:00:00,33.51606595729035,58.68481572558527
2025-02-20 07:00:00,33.445116052362195,55.2403390173828
2025-02-20 08:00:00,32.553651301449314,63.05881926653803
2025-02-20 09:00:00,34.598641045644946,66.94753738605775
2025-02-20 10:00:00,31.582568719222717,65.72480469758045
2025-02-20 11:00:00,31.29979228460659,59.092110932482136
2025-02-20 12:00:00,30.50293349508039,63.85180516396502
2025-02-20 13:00:00,31.01714167378374,61.46234390957524
2025-02-20 14:00:00,29.34169956490213,57.33380107089779
2025-02-20 15:00:00,29.954532622115096,66.42086021361001
2025-02-20 16:00:00,27.94079059678734,52.12650460482143
2025-02-20 17:00:00,28.403077158447587,55.064481606504636
2025-02-20 18:00:00,27.409381664927945,50.6395932793783
2025-02-20 19:00:00,29.896001130887257,51.67018794720557
2025-02-20 20:00:00,27.529504360958825,49.62067465068092
2025-02-20 21:00:00,29.20419553215773,52.57732030209783
2025-02-20 22:00:00,30.08468081228143,52.82427172154459
2025-02-20 23:00:00,30.632241450189387,49.545173206952995
2025-02-21 00:00:00,30.972953277180935,49.65559296645614
2025-02-21 01:00:00,31.793783979803923,47.21530184616486
2025-02-21 02:00:00,32.65623258186639,59.88883925290488
2025-02-21 03:00:00,33.12490214653996,56.03175809821733
2025-02-21 04:00:00,34.490362909072346,55.606782521721776
2025-02-21 05:00:00,35.78737928442339,63.401453378923
2025-02-21 06:00:00,33.67518997627683,52.69704840701829
2025-02-21 07:00:00,32.923118499487046,55.48147940174471
2025-02-21 08:00:00,33.648633976955416,65.04965375564724
2025-02-21 09:00:00,35.3062712179662,70.46731961198006
2025-02-21 10:00:00,31.978243749907318,62.37011813227481
2025-02-21 11:00:00,33.20893398394592,60.42329749776897
2025-02-21 12:00:00,32.463344055544255,63.66074841798977
2025-02-21 13:00:00,29.90185567560914,61.969932641722544
2025-02-21 14:00:00,30.07636986763132,59.049816544174426
2025-02-21 15:00:00,30.30258035922629,61.86999001137458
2025-02-21 16:00:00,28.219805000139797,52.65906054322948
2025-02-21 17:00:00,28.06054163733401,55.430192567391664
2025-02-21 18:00:00,27.655838673124187,52.9069782463578
2025-02-21 19:00:00,27.411600540861603,46.58182349386501
2025-02-21 20:00:00,28.00368515687698,45.50110796916455
2025-02-21 21:00:00,28.020710847313655,47.50750055417441
2025-02-21 22:00:00,29.64845017889048,51.63034160047647
2025-02-21 23:00:00,29.728747684128624,50.58660155679569
2025-02-22 00:00:00,31.350811356459708,58.250815744508415
2025-02-22 01:00:00,30.69552324537177,53.25730506613497
2025-02-22 02:00:00,32.928486812798674,60.26291793103691
2025-02-22 03:00:00,33.9519261398739,60.51419584572552
2025-02-22 04:00:00,32.16687032432326,57.86817471366919
2025-02-22 05:00:00,34.36080536177237,61.72584719893952
2025-02-22 06:00:00,35.145917821005746,61.32287535346361
2025-02-22 07:00:00,33.093847290941355,54.69690935629247
2025-02-22 08:00:00,35.09991674785059,72.17542100114775
2025-02-22 09:00:00,33.62031817807959,72.09671107631574
2025-02-22 10:00:00,32.09977314242038,64.73506052007421
2025-02-22 11:00:00,31.89562450020851,68.4591708097902
2025-02-22 12:00:00,31.610444157044487,73.59960475561297
2025-02-22 13:00:00,30.448129804849476,68.87580331448578
2025-02-22 14:00:00,30.094787420984204,70.10124188513315
2025-02-22 15:00:00,28.305923409003974,63.12404576700533
2025-02-22 16:00:00,28.701195074902657,66.16468060378412
2025-02-22 17:00:00,27.13503355063592,57.6711661997413
2025-02-22 18:00:00,28.07480177794815,59.60162239924072
2025-02-22 19:00:00,27.542879034988072,42.35976164456611
2025-02-22 20:00:00,27.97728246160198,54.91754485301046
2025-02-22 21:00:00,30.03133682363582,59.67737822200413
2025-02-22 22:00:00,30.536830723502526,54.30676356626273
2025-02-22 23:00:00,30.874635988445288,55.81248966000981
2025-02-23 00:00:00,30.331594140960643,53.33528311265627
2025-02-23 01:00:00,31.72877472825043,59.259755165283245
2025-02-23 02:00:00,33.67592251268205,64.9914581587374
2025-02-23 03:00:00,33.44013822717027,55.96393288726337
2025-02-23 04:00:00,35.65898419603738,66.41448714479404
2025-02-23 05:00:00,34.41787610308141,62.122161670389104
2025-02-23 06:00:00,34.35908364589073,63.18653373850337
2025-02-23 07:00:00,33.85592866020391,63.31765359338991
2025-02-23 08:00:00,33.91035328787785,71.47402860186166
2025-02-23 09:00:00,33.20478882715392,70.45785932865971
2025-02-23 10:00:00,33.27193129404958,70.24785082662532
2025-02-23 11:00:00,32.747263341441936,72.85602261996033
2025-02-23 12:00:00,30.576652784292346,67.29425489210871
2025-02-23 13:00:00,29.36400085454492,64.51695215139294
2025-02-23 14:00:00,28.236480054216067,58.01280893431207
2025-02-23 15:00:00,29.4905170706691,62.94719149756492
2025-02-23 16:00:00,27.724674856406292,63.60042222254885
2025-02-23 17:00:00,26.585354399469516,58.9667276384169
2025-02-23 18:00:00,28.516307236323478,64.30794743414968
2025-02-23 19:00:00,30.302066487777733,60.84325507898282
2025-02-23 20:00:00,28.602511412113476,55.600338749430705
2025-02-23 21:00:00,29.75491662870038,54.83832494475991
2025-02-23 22:00:00,29.770907839536758,53.05466660057898
2025-02-23 23:00:00,30.34987549483823,47.96912710254112
2025-02-24 00:00:00,31.98141742241966,52.06139659293683
2025-02-24 01:00:00,31.790393735986086,51.244671237324404
2025-02-24 02:00:00,32.960070087286965,55.499224740302665
2025-02-24 03:00:00,33.6248348245459,55.062987003258556
2025-02-24 04:00:00,33.30976008446832,53.996412973732596
2025-02-24 05:00:00,34.937567594525866,52.5494248786249
2025-02-24 06:00:00,34.10618843067312,53.57123568776142
2025-02-24 07:00:00,33.53933758730237,56.80076077954594
2025-02-24 08:00:00,34.27344032223909,71.83991547342845
2025-02-24 09:00:00,32.64870219415626,63.47508779824439
2025-02-24 10:00:00,32.768701161924746,64.96709531218691
2025-02-24 11:00:00,32.015318174021644,65.48500718409738
2025-02-24 12:00:00,32.11487268869471,60.374089031049735
2025-02-24 13:00:00,30.849457687025843,61.62946596650284
2025-02-24 14:00:00,29.726134669033332,56.285572085263524
2025-02-24 15:00:00,29.779048931830033,61.196761392767094
2025-02-24 16:00:00,29.76024606388998,59.02265205885716
2025-02-24 17:00:00,28.79462700224373,57.72568404598303
2025-02-24 18:00:00,28.25443833190415,53.5101932051717
2025-02-24 19:00:00,27.298909771282112,46.25913466714016
2025-02-24 20:00:00,27.79598909421583,51.28691913328154
2025-02-24 21:00:00,28.880656128986068,43.961445945890304
2025-02-24 22:00:00,29.25854647430202,46.64610663080106
2025-02-24 23:00:00,30.320122058333524,50.271042127504614
2025-02-25 00:00:00,31.331226153127343,53.75542571161667
2025-02-25 01:00:00,32.486117552002604,51.796372737736284
2025-02-25 02:00:00,32.729507190762384,45.41402207294407
2025-02-25 03:00:00,33.79642787183026,59.911138651786544
2025-02-25 04:00:00,33.93556195641107,58.36552988029236
2025-02-25 05:00:00,32.603310438993766,48.457116198728784
2025-02-25 06:00:00,33.53443789815465,53.5392818413397
2025-02-25 07:00:00,34.06841364749957,61.0276918540812
2025-02-25 08:00:00,32.91622663029008,68.59259718989574
2025-02-25 09:00:00,33.887169540766266,68.8128252414161
2025-02-25 10:00:00,34.010506879084616,65.69057508047273
2025-02-25 11:00:00,33.037372829875075,64.71623335021268
2025-02-25 12:00:00,31.11515191646549,60.614496034259496
2025-02-25 13:00:00,31.702029987382055,65.44837332709422
2025-02-25 14:00:00,29.904840178971344,56.20118510266309
2025-02-25 15:00:00,28.894917092755584,54.59345180230744
2025-02-25 16:00:00,28.19710787102359,58.78561792835051
2025-02-25 17:00:00,28.14615298515195,55.529991006738825
2025-02-25 18:00:00,27.975364758376674,59.49105863143944
2025-02-25 19:00:00,28.524461712242843,44.32949446109548
2025-02-25 20:00:00,28.81628918669623,46.70498545503674
2025-02-25 21:00:00,29.167022685772746,44.73340187985908
2025-02-25 22:00:00,30.135456749006735,49.26591019248283
2025-02-25 23:00:00,31.461966097731167,47.195898164919704
2025-02-26 00:00:00,32.084325813816285,51.28888620200442
2025-02-26 01:00:00,30.913221266010865,46.3350366840352
2025-02-26 02:00:00,30.781545597541665,52.48855177514877
2025-02-26 03:00:00,34.193458778014296,58.69799381970469
2025-02-26 04:00:00,32.82925575808421,48.90187217309854
2025-02-26 05:00:00,34.042647662816286,60.27842302957104
2025-02-26 06:00:00,33.388592084615745,62.591711131567905
2025-02-26 07:00:00,32.78087563426642,54.14359530188859
2025-02-26 08:00:00,34.35592889938037,64.91732923821074
2025-02-26 09:00:00,34.053326977264994,74.76898033208613
2025-02-26 10:00:00,32.36347418488185,59.2973480378798
2025-02-26 11:00:00,30.028305807054867,59.111269853306055
2025-02-26 12:00:00,30.887686946861244,61.136703322246014
2025-02-26 13:00:00,30.861668574477704,64.5864462954171
2025-02-26 14:00:00,28.641553250443927,57.63401277617943
2025-02-26 15:00:00,29.35005009772691,56.334188488543084
2025-02-26 16:00:00,28.714358414771517,53.832292035424864
2025-02-26 17:00:00,28.890338226276896,55.977143346560005
2025-02-26 18:00:00,28.42034680019455,53.13584215751476
2025-02-26 19:00:00,27.64844987389078,44.91068573235745
2025-02-26 20:00:00,29.683863495441507,46.738365752213255
2025-02-26 21:00:00,29.076538503482013,42.85565592639837
2025-02-26 22:00:00,29.802838873855283,52.41054733806422
2025-02-26 23:00:00,29.80161100289711,47.14988223492769
2025-02-27 00:00:00,31.007847821584704,47.00971566392653
2025-02-27 01:00:00,31.43108858662395,51.071182052460486
2025-02-27 02:00:00,32.724116774599175,54.10852489218149
2025-02-27 03:00:00,34.85316075021143,52.496289173643476
2025-02-27 04:00:00,32.863028919546146,55.148395056560354
2025-02-27 05:00:00,32.96940198310372,51.203450863515904
2025-02-27 06:00:00,35.5394098845328,64.10402421973141
2025-02-27 07:00:00,34.092792159683626,57.93890742366073
2025-02-27 08:00:00,33.425291642963295,63.96582498700598
2025-02-27 09:00:00,34.31571771601442,64.5327885778739
2025-02-27 10:00:00,32.37798119074842,62.96546302065629
2025-02-27 11:00:00,33.59973852868302,67.31790157637931
2025-02-27 12:00:00,31.90481431960933,62.352183389541196
2025-02-27 13:00:00,30.195687360713787,58.70076082787425
2025-02-27 14:00:00,31.588320193150317,62.034087220124256
2025-02-27 15:00:00,28.7565813405756,54.95026961932522
2025-02-27 16:00:00,29.35807370879204,56.81491489529656
2025-02-27 17:00:00,28.704130207995902,50.41005705767762
2025-02-27 18:00:00,29.40386665405695,60.84813866985962
2025-02-27 19:00:00,29.71390510105219,49.381422522859225
2025-02-27 20:00:00,28.79000073043721,44.50163378268669
2025-02-27 21:00:00,28.638418982701324,52.2453591129281
2025-02-27 22:00:00,30.230451336889207,49.67586184757773
2025-02-27 23:00:00,30.043844191428665,45.970488828646005
2025-02-28 00:00:00,33.00997816413141,56.988172959847915
2025-02-28 01:00:00,32.28495376628386,54.307061428838736
2025-02-28 02:00:00,32.60701112506042,54.87635998156141
2025-02-28 03:00:00,33.66833295436168,54.325732503896255
2025-02-28 04:00:00,32.91964354583966,55.606845553845496
2025-02-28 05:00:00,33.5197546141688,54.55028343484055
2025-02-28 06:00:00,35.35959949246565,60.3151034413757
2025-02-28 07:00:00,33.7715304218002,50.073921397208444
2025-02-28 08:00:00,33.15981579131787,63.3860480354346
2025-02-28 09:00:00,33.94991091169158,71.27630493446942
2025-02-28 10:00:00,33.847831689840504,63.624894675512
2025-02-28 11:00:00,32.75088814994972,62.14008377742994
2025-02-28 12:00:00,32.19610651475476,61.60910771120864
2025-02-28 13:00:00,30.01737515994698,55.38685688023863
2025-02-28 14:00:00,28.761819832716636,50.14643337020519
2025-02-28 15:00:00,30.47901494411486,59.17046770383591
2025-02-28 16:00:00,28.543048283683085,56.78506518287452
2025-02-28 17:00:00,28.30082447407887,55.78396884772601
2025-02-28 18:00:00,29.461823679589358,57.596646937417184
2025-02-28 19:00:00,28.946474894763433,47.23277742312534
2025-02-28 20:00:00,29.16590237242208,50.56714868501204
2025-02-28 21:00:00,31.009949898471337,50.24657125946076
2025-02-28 22:00:00,29.384453781805995,46.16976907598898
2025-02-28 23:00:00,31.36508333326754,50.613773545217306
2025-03-01 00:00:00,31.48066633302088,59.40323967870791
2025-03-01 01:00:00,32.42638679150138,63.60357686033223
2025-03-01 02:00:00,34.15783057423324,60.59966381611229
2025-03-01 03:00:00,33.96264478169456,62.42956196813685
2025-03-01 04:00:00,34.463768907696235,64.0498563596611
2025-03-01 05:00:00,35.19083918181826,61.3657765070864
2025-03-01 06:00:00,34.1430936494689,62.518820070682786
2025-03-01 07:00:00,33.66146557809921,57.1936164685523
2025-03-01 08:00:00,33.1972846892397,65.44796152941326
2025-03-01 09:00:00,31.983290905162058,69.67016285296847
2025-03-01 10:00:00,34.58002153705547,72.0924145427075
2025-03-01 11:00:00,31.328946275833427,67.99894451936382
2025-03-01 12:00:00,31.258052934234595,67.21081035059723
2025-03-01 13:00:00,30.437148057884514,62.857666358200724
2025-03-01 14:00:00,30.180981191350494,65.19000323853788
2025-03-01 15:00:00,29.966325259575008,61.240081552190446
2025-03-01 16:00:00,29.525358412437694,68.31856221639205
2025-03-01 17:00:00,28.070816403380856,57.459558491505646
2025-03-01 18:00:00,28.301358462074084,61.35508941882761
2025-03-01 19:00:00,28.763342314626648,49.64720140218623
2025-03-01 20:00:00,28.638026720803058,54.259711617527884
2025-03-01 21:00:00,30.599611950359566,55.08500739680271
2025-03-01 22:00:00,30.327835794413815,54.03410427108123
2025-03-01 23:00:00,31.246500926635505,59.80330630309857
2025-03-02 00:00:00,32.00013043385232,58.68852655596683
2025-03-02 01:00:00,33.18506164021421,62.28304429019347
2025-03-02 02:00:00,33.11464266588135,57.66237898903403
2025-03-02 03:00:00,32.55368020411335,55.382173535621504
2025-03-02 04:00:00,34.38765199167382,63.21939747113328
2025-03-02 05:00:00,33.846517382752126,60.96719222246963
2025-03-02 06:00:00,34.04693207351858,64.16378174969529
2025-03-02 07:00:00,34.836694112789665,63.466324045033744
2025-03-02 08:00:00,35.058528087418615,74.7205765750574
2025-03-02 09:00:00,33.60816302386688,66.62454585313665
2025-03-02 10:00:00,33.216891828997554,76.45571611103837
2025-03-02 11:00:00,33.60805450993414,71.00177216278536
2025-03-02 12:00:00,31.66242796250924,70.08513124353422
2025-03-02 13:00:00,32.774714774955136,67.48621158426036
2025-03-02 14:00:00,30.42223313542362,66.68404935041454
2025-03-02 15:00:00,27.93989486803409,57.38327647188713
2025-03-02 16:00:00,29.474422504448697,65.41016402278666
2025-03-02 17:00:00,28.876974647957404,61.91063211316583
2025-03-02 18:00:00,29.501627622184582,64.19050123173895
2025-03-02 19:00:00,29.11059302106715,55.49298952831116
2025-03-02 20:00:00,28.76098442037805,49.07215102301965
2025-03-02 21:00:00,28.369066486327252,50.01084448355067
2025-03-02 22:00:00,29.802606813089564,56.01666510682151
2025-03-02 23:00:00,30.012951920243385,61.31797788007833
2025-03-03 00:00:00,31.039148060733194,50.456219505335305
2025-03-03 01:00:00,32.750886679421015,55.72500437672963
2025-03-03 02:00:00,34.3394904240581,56.490168353729146
2025-03-03 03:00:00,33.940624387995,61.9198606826599
2025-03-03 04:00:00,33.14493658230214,49.419220847248084
2025-03-03 05:00:00,34.75702643402029,57.84651071524459
2025-03-03 06:00:00,35.46087200989349,53.95293751712211
2025-03-03 07:00:00,33.91351797598867,48.52461764516946
2025-03-03 08:00:00,33.99442929859195,67.08235889681897
2025-03-03 09:00:00,33.636637719919975,65.96444128429833
2025-03-03 10:00:00,32.37564817011118,62.42165589297351
2025-03-03 11:00:00,32.79864830295962,63.718984675208056
2025-03-03 12:00:00,31.406808301690745,70.82715324525711
2025-03-03 13:00:00,31.06273564039503,60.13839873861675
2025-03-03 14:00:00,29.293573078335292,59.25880462475375
2025-03-03 15:00:00,29.0322798367586,55.31000924732384
2025-03-03 16:00:00,29.48339569548587,58.95580997699638
2025-03-03 17:00:00,28.307522820036354,55.23884005089858
2025-03-03 18:00:00,29.885137901563695,57.56169277462546
2025-03-03 19:00:00,28.286080393218086,51.37164030439353
2025-03-03 20:00:00,29.085238389825165,50.88498399123831
2025-03-03 21:00:00,30.1283191425158,49.641214398726135
2025-03-03 22:00:00,28.868874234230546,40.05133781378308
2025-03-03 23:00:00,29.31846263568479,46.69020507447491
2025-03-04 00:00:00,30.31574498811738,57.67742367182654
2025-03-04 01:00:00,33.32279445782276,54.289045024161844
2025-03-04 02:00:00,32.5947835230595,56.980263057668076
2025-03-04 03:00:00,35.7041498118677,63.593296867219664
2025-03-04 04:00:00,33.68294817220086,56.28619845752947
2025-03-04 05:00:00,34.58168856119829,54.72157451455247
2025-03-04 06:00:00,35.76995800182775,52.07998740794129
2025-03-04 07:00:00,36.03892182916796,61.9225489183292
2025-03-04 08:00:00,35.78354911243589,66.96612039391397
2025-03-04 09:00:00,34.624283367807614,67.85216141771679
2025-03-04 10:00:00,33.85552006042263,62.19047508999264
2025-03-04 11:00:00,32.78674873444197,63.22043510058494
2025-03-04 12:00:00,32.158958900706764,62.987283185975336
2025-03-04 13:00:00,30.318864331403066,60.37973653965841
2025-03-04 14:00:00,29.38171093303561,54.54261311740685
2025-03-04 15:00:00,29.412250130285052,61.53278308079715
2025-03-04 16:00:00,28.802046130400196,55.05299868052444
2025-03-04 17:00:00,28.27591012144443,50.87322983724024
2025-03-04 18:00:00,29.09337999773883,57.0410137360395
2025-03-04 19:00:00,29.402736727762658,48.02805203705217
2025-03-04 20:00:00,29.008919337453616,47.69782310693179
2025-03-04 21:00:00,30.596973761058024,54.16094998095968
2025-03-04 22:00:00,29.122918748466653,46.71190723703239
2025-03-04 23:00:00,30.604885337042116,49.72993473356949
2025-03-05 00:00:00,30.99446752935595,47.48048840914143
2025-03-05 01:00:00,30.851153227487305,52.99373631814084
2025-03-05 02:00:00,33.001780837164034,54.95613269912957
2025-03-05 03:00:00,33.59184772269121,54.2052427189617
2025-03-05 04:00:00,35.376761391785216,52.964146424816995
2025-03-05 05:00:00,34.97035221234922,62.27987056739385
2025-03-05 06:00:00,33.74857592637483,52.06439677410653
2025-03-05 07:00:00,35.94897691777275,57.934324423881826
2025-03-05 08:00:00,35.14282855361179,69.33212492972923
2025-03-05 09:00:00,34.15492389217273,62.889189220060864
2025-03-05 10:00:00,32.88673810675833,59.715599257405565
2025-03-05 11:00:00,31.576831131766976,55.46645328907856
2025-03-05 12:00:00,31.270159964981353,63.44927879568335
2025-03-05 13:00:00,31.66246714629398,60.3568821291502
2025-03-05 14:00:00,31.57559443058588,70.61788025247458
2025-03-05 15:00:00,30.681199864896303,57.24309455992073
2025-03-05 16:00:00,28.57876963705586,53.67743227641378
2025-03-05 17:00:00,27.77445396033978,53.2978382177554
2025-03-05 18:00:00,28.680634383367156,57.354545855476346
2025-03-05 19:00:00,27.255396414520707,42.64910352978134
2025-03-05 20:00:00,29.228383345832704,49.4480866645064
2025-03-05 21:00:00,29.328522973239618,44.85557618186535
2025-03-05 22:00:00,29.6950961843436,44.30639797642773
2025-03-05 23:00:00,29.515705796717196,42.73362621586363
2025-03-06 00:00:00,32.00940356386475,45.94620391114496
2025-03-06 01:00:00,31.948819942187004,50.95366883751144
2025-03-06 02:00:00,32.162590010040745,51.98972108089367
2025-03-06 03:00:00,31.4220340515433,49.66535021032839
2025-03-06 04:00:00,34.17458776592178,60.24447537022069
2025-03-06 05:00:00,35.91410223481198,63.32947465148597
2025-03-06 06:00:00,35.92753085024727,58.66514656811159
2025-03-06 07:00:00,34.13062395220716,51.053359774397
2025-03-06 08:00:00,33.71483004167287,63.986578750846
2025-03-06 09:00:00,34.09486322702864,64.57128962690037
2025-03-06 10:00:00,32.29981512725834,61.16826234223084
2025-03-06 11:00:00,32.61641413377211,61.616388729095064
2025-03-06 12:00:00,32.211387701316724,61.02010917519568
2025-03-06 13:00:00,31.803612922408856,61.08687841264266
2025-03-06 14:00:00,30.01840021742501,57.12649709491835
2025-03-06 15:00:00,29.31426413490776,58.39064296871074
2025-03-06 16:00:00,28.29806119785041,57.01761630384532
2025-03-06 17:00:00,28.03924171650988,52.73869982817032
2025-03-06 18:00:00,28.417340365087753,59.964408635179055
2025-03-06 19:00:00,28.994638405194713,44.250162223828646
2025-03-06 20:00:00,29.73131496824226,43.66296510139006
2025-03-06 21:00:00,28.83465997450506,48.04472216820426
2025-03-06 22:00:00,31.292674333776592,48.87458939755484
2025-03-06 23:00:00,30.605167462467357,51.05317584471341
2025-03-07 00:00:00,31.610961415731794,44.68872474501564
2025-03-07 01:00:00,31.806743043199848,56.42950530220892
2025-03-07 02:00:00,31.188663042992186,53.156473701507146
2025-03-07 03:00:00,34.45661191185903,52.52047179385725
2025-03-07 04:00:00,34.815606580237805,53.23176047288919
2025-03-07 05:00:00,34.30077068438318,61.75818494418232
2025-03-07 06:00:00,34.681647824990435,55.21482637448891
2025-03-07 07:00:00,34.93858410424103,55.386896841435984
2025-03-07 08:00:00,32.97609477705462,57.55881431625046
2025-03-07 09:00:00,33.32613345289315,63.934705598403006
2025-03-07 10:00:00,33.763466994908,65.09108174632713
2025-03-07 11:00:00,31.40108084798271,63.66842481667733
2025-03-07 12:00:00,31.862901596943846,58.1559875899455
2025-03-07 13:00:00,29.766332672204257,54.01853843324584
2025-03-07 14:00:00,30.501199237157365,61.255046531212685
2025-03-07 15:00:00,29.478221721812915,61.080989312944446
2025-03-07 16:00:00,27.73787358713282,50.21471540348543
2025-03-07 17:00:00,29.662069255909074,61.63626691953556
2025-03-07 18:00:00,28.040381989772104,55.58531310605025
2025-03-07 19:00:00,28.082075822731834,48.82315249814124
2025-03-07 20:00:00,29.190434397641983,47.33212083120272
2025-03-07 21:00:00,30.425644787193875,42.19932686448512
2025-03-07 22:00:00,29.315397796027828,47.31181388590197
2025-03-07 23:00:00,30.90094199578136,53.80212704842025
2025-03-08 00:00:00,31.99956515300579,55.91797921815928
2025-03-08 01:00:00,32.987453573859405,59.213521526224575
2025-03-08 02:00:00,33.297665196963116,60.407396843880676
2025-03-08 03:00:00,33.48421002503432,52.573036405456335
2025-03-08 04:00:00,33.59251598757567,66.48057150394864
2025-03-08 05:00:00,34.62320453804564,60.61764112879063
2025-03-08 06:00:00,33.798800743152846,63.35504763509352
2025-03-08 07:00:00,32.217209044812854,58.73087287221851
2025-03-08 08:00:00,34.60383600742078,77.05976198243549
2025-03-08 09:00:00,34.500980169169935,74.31993267179013
2025-03-08 10:00:00,31.266166004307863,66.57432599319122
2025-03-08 11:00:00,31.625184524280943,65.24478686614786
2025-03-08 12:00:00,32.151835361545494,71.26685575492832
2025-03-08 13:00:00,32.52605119320313,63.92656823590178
2025-03-08 14:00:00,30.17314691888166,67.24933571481466
2025-03-08 15:00:00,28.952789256198383,59.81788640649247
2025-03-08 16:00:00,28.912118588504146,66.79866444517738
2025-03-08 17:00:00,29.858635609192675,65.22944272453489
2025-03-08 18:00:00,28.139740609441706,63.58390440054539
2025-03-08 19:00:00,28.119380868553925,51.86085200487123
2025-03-08 20:00:00,28.67224092364239,47.35290237713331
2025-03-08 21:00:00,28.77252872257472,50.20836421044848
2025-03-08 22:00:00,30.25464820553717,57.47553478280105
2025-03-08 23:00:00,32.17979758420942,59.42360310365648
2025-03-09 00:00:00,31.94234856935936,62.03919714076387
2025-03-09 01:00:00,32.258459484473065,60.27505076116303
2025-03-09 02:00:00,32.9504361357341,57.41067937221341
2025-03-09 03:00:00,32.55465284746886,57.21018271228204
2025-03-09 04:00:00,34.98844918393758,64.28796070265736
2025-03-09 05:00:00,34.519392872123504,56.192774971822
2025-03-09 06:00:00,34.53950121999404,68.19142785285823
2025-03-09 07:00:00,37.13614868400963,69.17030784035002
2025-03-09 08:00:00,34.5209636889124,76.81883843118894
2025-03-09 09:00:00,33.20377265435003,66.02497895540255
2025-03-09 10:00:00,32.8427990739021,73.85073381408955
2025-03-09 11:00:00,33.3790988535315,77.77687466943995
2025-03-09 12:00:00,31.77450147929675,64.2314675966022
2025-03-09 13:00:00,29.75680563290508,66.87645552394045
2025-03-09 14:00:00,30.9192682985267,66.65801277140993
2025-03-09 15:00:00,29.0280495388757,58.61718762523152
2025-03-09 16:00:00,30.584447160487258,67.53065680443268
2025-03-09 17:00:00,29.65014612457105,66.87107263873995
2025-03-09 18:00:00,28.326027634339535,60.18347008380462
2025-03-09 19:00:00,29.810920761387422,58.157406931263026
2025-03-09 20:00:00,29.140093347935142,48.45187780591566
2025-03-09 21:00:00,30.24478374740467,50.956342305979476
2025-03-09 22:00:00,30.571671404702116,56.43880071523006
2025-03-09 23:00:00,30.230342691566275,55.49077267873611
2025-03-10 00:00:00,31.195326868462818,49.00186789796076
2025-03-10 01:00:00,33.31059252368927,57.38784985055635
2025-03-10 02:00:00,32.942346468631555,55.888906586184646
2025-03-10 03:00:00,33.508568307282836,57.88984016591115
2025-03-10 04:00:00,33.54414488219062,55.010051481886315
2025-03-10 05:00:00,34.94682346565876,59.71202304212079
2025-03-10 06:00:00,36.360186669711304,59.11138509639036
2025-03-10 07:00:00,33.75391788178057,61.91850825746482
2025-03-10 08:00:00,34.32761851100831,64.35207600944901
2025-03-10 09:00:00,34.961263522208775,74.24616662835074
2025-03-10 10:00:00,33.14645362132021,64.7682803596446
2025-03-10 11:00:00,32.84852130662414,60.00080568321723
2025-03-10 12:00:00,30.86025191179928,64.6526914927045
2025-03-10 13:00:00,31.27635527677534,61.675143663380496
2025-03-10 14:00:00,30.060451322313146,61.662184675304374
2025-03-10 15:00:00,30.377430387301036,63.350942452769644
2025-03-10 16:00:00,30.06199936421527,60.125465518022565
2025-03-10 17:00:00,30.884040169064473,58.81454976987761
2025-03-10 18:00:00,29.173873272887647,60.44011202420552
2025-03-10 19:00:00,29.073026308715313,47.333713878051356
2025-03-10 20:00:00,29.267597964225338,49.739249791430865
2025-03-10 21:00:00,29.306313356508593,41.290172320341085
2025-03-10 22:00:00,30.480953809086138,51.20666200738461
2025-03-10 23:00:00,30.697388470897998,48.339541772181306
2025-03-11 00:00:00,31.870117696307393,57.3261407648889
2025-03-11 01:00:00,33.56588407908563,57.28785338602142
2025-03-11 02:00:00,32.43011486306799,54.09377999107028
2025-03-11 03:00:00,34.768572107754586,59.04235977400892
2025-03-11 04:00:00,35.38711718051691,55.70148836630028
2025-03-11 05:00:00,34.538671572566045,62.03937890220305
2025-03-11 06:00:00,33.03786499608483,60.442268248203405
2025-03-11 07:00:00,34.14686880448336,57.6431043797147
2025-03-11 08:00:00,35.3710207638939,73.43904808072995
2025-03-11 09:00:00,33.838374809012244,64.20163006020444
2025-03-11 10:00:00,32.43590712945577,60.993292134345445
2025-03-11 11:00:00,32.10798611361669,62.917149250696816
2025-03-11 12:00:00,32.407844936495344,64.63894400079532
2025-03-11 13:00:00,31.396278634545244,60.331341498452076
2025-03-11 14:00:00,30.044203235955948,60.692870395826155
2025-03-11 15:00:00,29.32056904228031,58.6961927223248
2025-03-11 16:00:00,28.823866184703327,53.888038806592824
2025-03-11 17:00:00,28.099643288825696,57.13573697224142
2025-03-11 18:00:00,30.027649466867256,61.640353767925625
2025-03-11 19:00:00,28.579715061055424,46.957895062670936
2025-03-11 20:00:00,30.11099952059878,52.65774344686288
2025-03-11 21:00:00,30.83108141327002,46.84373516339518
2025-03-11 22:00:00,31.03399763381007,52.265047007253685
2025-03-11 23:00:00,30.6135955298097,46.59362983446714
2025-03-12 00:00:00,32.08240830403687,49.406090872567106
2025-03-12 01:00:00,32.51652488196241,51.636952286318966
2025-03-12 02:00:00,32.53646274318348,50.739452387007525
2025-03-12 03:00:00,34.14023200070451,54.808430145044696
2025-03-12 04:00:00,33.414268610193055,54.50323256621394
2025-03-12 05:00:00,35.60734522140404,61.60468485752142
2025-03-12 06:00:00,34.38773039392887,55.934437592954865
2025-03-12 07:00:00,34.818129435333056,52.91575586329072
2025-03-12 08:00:00,34.584130740357814,70.67163887212955
2025-03-12 09:00:00,33.67362059636397,63.10124667261002
2025-03-12 10:00:00,33.728779272947804,65.53564140999217
2025-03-12 11:00:00,32.15595844177713,64.22033471602097
2025-03-12 12:00:00,32.45646206973338,64.02046298072842
2025-03-12 13:00:00,29.90618335226262,62.11366867663714
2025-03-12 14:00:00,30.36052789540471,61.08595964190676
2025-03-12 15:00:00,31.189247087454568,58.556716018326895
2025-03-12 16:00:00,28.361082960729807,62.585635851288636
2025-03-12 17:00:00,28.319450776480497,56.55801178767959
2025-03-12 18:00:00,29.170550511494714,57.064970240825964
2025-03-12 19:00:00,29.005312178452055,50.10133819038041
2025-03-12 20:00:00,29.441852099833113,48.74368661748982
2025-03-12 21:00:00,30.02945359232607,50.25070104500492
2025-03-12 22:00:00,30.767201406616998,57.85751452771266
2025-03-12 23:00:00,31.870726970024997,51.54194426127985
2025-03-13 00:00:00,32.11024047525138,51.8451501734003
2025-03-13 01:00:00,32.365836561321295,53.608241346415724
2025-03-13 02:00:00,33.820444510670754,59.09134792595047
2025-03-13 03:00:00,35.42361144118439,54.24289850356071
2025-03-13 04:00:00,34.27435476395583,50.79717090069098
2025-03-13 05:00:00,33.900539584839265,54.259625440850236
2025-03-13 06:00:00,35.66805008513815,54.3007212760708
2025-03-13 07:00:00,34.5838580974129,55.97645053276631
2025-03-13 08:00:00,32.64232612425066,65.26368611203905
2025-03-13 09:00:00,34.581643234988555,64.57471123232261
2025-03-13 10:00:00,32.854123000945435,59.85694167135776
2025-03-13 11:00:00,32.486416059172804,63.683560391657096
2025-03-13 12:00:00,32.047969814163785,65.27397611934032
2025-03-13 13:00:00,31.15832815822426,56.000070369253834
2025-03-13 14:00:00,30.849947003419803,62.9906018010736
2025-03-13 15:00:00,29.312676109693054,60.21473560866248
2025-03-13 16:00:00,29.59479397689612,61.1328844648829
2025-03-13 17:00:00,28.676970728774233,60.27398795640868
2025-03-13 18:00:00,29.373433934418575,64.47822285593229
2025-03-13 19:00:00,29.376902058051808,46.81014755863609
2025-03-13 20:00:00,28.43595837671958,46.51343981832881
2025-03-13 21:00:00,30.529850899088956,48.70441631861605
2025-03-13 22:00:00,29.853614793617332,48.742437162778636
2025-03-13 23:00:00,31.652374653025923,56.5728944423556
2025-03-14 00:00:00,32.09805591590169,48.741457196831036
2025-03-14 01:00:00,34.05123014192427,53.709065238966964
2025-03-14 02:00:00,33.125453279283136,58.75735871222333
2025-03-14 03:00:00,33.646092971845704,58.623076870028534
2025-03-14 04:00:00,34.38676659182374,55.806784924831504
2025-03-14 05:00:00,34.4594597177804,59.59023349536688
2025-03-14 06:00:00,35.44417958673426,59.82317078359776
2025-03-14 07:00:00,33.40895505729855,59.63694293014035
2025-03-14 08:00:00,33.55935634121685,65.63037019567064
2025-03-14 09:00:00,33.0713040714769,67.60524367027617
2025-03-14 10:00:00,34.06447213875948,74.24208558124491
2025-03-14 11:00:00,33.949173898553724,67.9028104825391
2025-03-14 12:00:00,31.720666690350637,62.24518454001567
2025-03-14 13:00:00,30.892711551321042,62.774221748040816
2025-03-14 14:00:00,30.36026779567116,58.552639457596435
2025-03-14 15:00:00,30.612408363707527,67.26623817124775
2025-03-14 16:00:00,28.464267346474838,56.77589433674265
2025-03-14 17:00:00,29.097143772501237,56.556058829825695
2025-03-14 18:00:00,29.584384169006558,55.744824489151696
2025-03-14 19:00:00,29.307323922265287,51.044843634896836
2025-03-14 20:00:00,29.357815147106294,50.445629503274546
2025-03-14 21:00:00,30.483742595674684,48.37867355797216
2025-03-14 22:00:00,28.141640230781224,47.384306450773465
2025-03-14 23:00:00,31.57006918549778,47.30045662925744
2025-03-15 00:00:00,31.301678759865684,57.8979334929777
2025-03-15 01:00:00,31.136890124190018,58.40467127977212
2025-03-15 02:00:00,33.7339013859876,66.84301192345535
2025-03-15 03:00:00,35.04518648605763,61.768879266717676
2025-03-15 04:00:00,34.313056706018784,58.92844418442684
2025-03-15 05:00:00,35.48501642299718,62.186745678619786
2025-03-15 06:00:00,36.11476191275854,61.996865942020605
2025-03-15 07:00:00,35.77464834810206,69.40433909986066
2025-03-15 08:00:00,35.734987141218056,79.96889473926461
2025-03-15 09:00:00,34.539961642784775,74.13258069085907
2025-03-15 10:00:00,33.38528621748889,74.75740002853546
2025-03-15 11:00:00,31.31982379215745,67.77755796762412
2025-03-15 12:00:00,31.62808931586366,67.64522582545229
2025-03-15 13:00:00,30.373884894807105,64.67387995349151
2025-03-15 14:00:00,32.061693480365875,67.77987529052588
2025-03-15 15:00:00,29.562910312862112,59.569833894224715
2025-03-15 16:00:00,29.325426940441893,64.57853278361742
2025-03-15 17:00:00,29.36835012833279,63.742028500356895
2025-03-15 18:00:00,28.859821263465584,65.18376044647168
2025-03-15 19:00:00,30.28320265984502,55.79033527703687
2025-03-15 20:00:00,28.728743605626743,52.22362738542087
2025-03-15 21:00:00,29.859304926997773,52.133169778573105
2025-03-15 22:00:00,29.730962837809184,54.73219281852182
2025-03-15 23:00:00,29.992464162083493,57.201147184198774
2025-03-16 00:00:00,31.355103862764974,54.00916997972537
2025-03-16 01:00:00,32.591346833158035,59.92684556072668
2025-03-16 02:00:00,33.001077355875395,61.101068095164166
2025-03-16 03:00:00,33.41190269514976,58.98723050041478
2025-03-16 04:00:00,33.31754137590506,59.20800556190511
2025-03-16 05:00:00,34.67581215625345,64.10829442755485
2025-03-16 06:00:00,33.64074283626441,58.15307405039807
2025-03-16 07:00:00,35.350341385308084,65.68038563930274
2025-03-16 08:00:00,34.50854714919013,70.42932174756464
2025-03-16 09:00:00,32.7997982794769,73.22819798215806
2025-03-16 10:00:00,33.09715187384931,77.58835660909367
2025-03-16 11:00:00,32.0192511463243,66.05238165827828
2025-03-16 12:00:00,32.09985874382455,70.38236932600822
2025-03-16 13:00:00,32.140422357000155,66.67253452795423
2025-03-16 14:00:00,28.84438115977261,66.04274860898407
2025-03-16 15:00:00,29.815219655247496,60.87162015218985
2025-03-16 16:00:00,29.118336687682575,64.85476631311178
2025-03-16 17:00:00,29.483813717782372,61.451897791340215
2025-03-16 18:00:00,29.015076438079355,62.60618382124773
2025-03-16 19:00:00,28.345166191230945,48.92822331877378
2025-03-16 20:00:00,28.991199775602592,55.65121100877193
2025-03-16 21:00:00,29.08637810648677,50.84453952835742
2025-03-16 22:00:00,31.205324846368082,58.82547750145803
2025-03-16 23:00:00,31.085111319119193,55.92090628962755
2025-03-17 00:00:00,33.38391229922183,54.7476250232027
2025-03-17 01:00:00,32.59088823487529,54.10686654497591
2025-03-17 02:00:00,32.79623433709105,51.74774779178735
2025-03-17 03:00:00,32.7733085800888,54.623056784782506
2025-03-17 04:00:00,33.01852422096798,59.02434729080561
2025-03-17 05:00:00,33.49342847508223,52.95388689764988
2025-03-17 06:00:00,35.07666107142861,61.653420358393035
2025-03-17 07:00:00,35.167717248070566,62.79618394699037
2025-03-17 08:00:00,33.196083400347035,62.304485153540526
2025-03-17 09:00:00,34.70031074543996,63.095395526520264
2025-03-17 10:00:00,32.97651090927267,65.2636023372061
2025-03-17 11:00:00,32.756851295515425,62.32010976362715
2025-03-17 12:00:00,33.15273625322376,70.28073491329177
2025-03-17 13:00:00,31.803974068004283,62.35157594390721
2025-03-17 14:00:00,30.148135232294756,56.86004519402503
2025-03-17 15:00:00,29.028685626727547,53.81015559507445
2025-03-17 16:00:00,27.54343121820266,57.84789107003728
2025-03-17 17:00:00,28.38985961635828,54.38819538719234
2025-03-17 18:00:00,28.694055559557267,56.780786405584365
2025-03-17 19:00:00,28.175438650031268,48.58319780539372
2025-03-17 20:00:00,29.159877965592262,46.03500528227358
2025-03-17 21:00:00,29.803120913426792,48.50783115794774
2025-03-17 22:00:00,30.18307496517296,49.27982970784377
2025-03-17 23:00:00,30.56650055065309,52.06967452572384
2025-03-18 00:00:00,32.01517942497941,54.39955597149391
2025-03-18 01:00:00,33.01026534236912,53.75813642249992
2025-03-18 02:00:00,32.50793642545175,53.705232750302706
2025-03-18 03:00:00,35.13032193476269,57.119242448002375
2025-03-18 04:00:00,34.39946139293193,52.486193286519146
2025-03-18 05:00:00,34.79311286462911,58.400405728526785
2025-03-18 06:00:00,35.44682722601127,64.4808642893195
2025-03-18 07:00:00,34.96460607128403,55.28513350623806
2025-03-18 08:00:00,35.240841205889936,66.11442504179377
2025-03-18 09:00:00,34.23127536312713,64.00411233869761
2025-03-18 10:00:00,32.89030578769368,66.37632575401798
2025-03-18 11:00:00,32.94591564287847,65.64810451977056
2025-03-18 12:00:00,30.9652747215495,60.26188142153973
2025-03-18 13:00:00,31.190646316719683,58.389106185178534
2025-03-18 14:00:00,30.35367169489046,59.913739425722596
2025-03-18 15:00:00,29.592441858028355,53.57252896244363
2025-03-18 16:00:00,29.179349466901567,57.9531087409953
2025-03-18 17:00:00,27.47699897214071,57.073171308117075
2025-03-18 18:00:00,28.44127576121326,52.44069896028283
2025-03-18 19:00:00,29.056754129451715,42.7046026025241
2025-03-18 20:00:00,29.41006458965063,52.67642993645571
2025-03-18 21:00:00,28.93679523110562,45.25095249747636
2025-03-18 22:00:00,31.392821960097788,54.91492306600749
2025-03-18 23:00:00,30.410858673526864,49.27755261675485
2025-03-19 00:00:00,32.67196758111107,53.32367719517595
2025-03-19 01:00:00,33.01461444549459,55.74154410038019
2025-03-19 02:00:00,32.87941997281464,51.53095938082703
2025-03-19 03:00:00,35.43797087833694,59.18583901149343
2025-03-19 04:00:00,33.53956856663781,54.22675517547578
2025-03-19 05:00:00,35.52950263844489,54.99162441898571
2025-03-19 06:00:00,35.69686767512407,60.26680803940252
2025-03-19 07:00:00,34.25768313229557,55.87390621749828
2025-03-19 08:00:00,35.60845027209446,68.6241360044359
2025-03-19 09:00:00,33.81768495257017,62.24135008438384
2025-03-19 10:00:00,33.62735672411357,70.30344320669283
2025-03-19 11:00:00,32.88111642701422,66.81615212778394
2025-03-19 12:00:00,31.788954827513244,65.11258634203978
2025-03-19 13:00:00,31.768591303909943,61.26713023971285
2025-03-19 14:00:00,31.031192797131453,55.66859836632636
2025-03-19 15:00:00,28.376255898539497,61.93601276483963
2025-03-19 16:00:00,30.34179780363889,59.4319435225324
2025-03-19 17:00:00,27.668630751393938,52.557135964448925
2025-03-19 18:00:00,29.722438784163007,59.750794534942756
2025-03-19 19:00:00,29.899988451284543,52.32134157632207
2025-03-19 20:00:00,28.42555246516421,46.09684276903918
2025-03-19 21:00:00,29.446430046766373,51.8392995879976
2025-03-19 22:00:00,29.511838085900933,51.37030837017228
2025-03-19 23:00:00,30.94800786115113,47.47727058786586
2025-03-20 00:00:00,31.664965938674033,49.97556837263483
2025-03-20 01:00:00,33.31157892714566,57.83345355870149
2025-03-20 02:00:00,34.45964036291831,48.88951496182164
2025-03-20 03:00:00,35.14926075821423,57.82030228529066
2025-03-20 04:00:00,34.0597351561133,52.01502967612992
2025-03-20 05:00:00,34.641793345894214,55.92556661830901
2025-03-20 06:00:00,33.564642812245864,54.519896794954946
2025-03-20 07:00:00,34.16447479169288,55.42132149132467
2025-03-20 08:00:00,35.281350883853904,66.8496478345992
2025-03-20 09:00:00,35.325179968420855,65.29389299427109
2025-03-20 10:00:00,32.423914268518686,70.2387794837897
2025-03-20 11:00:00,32.21387909400787,68.58736838169823
2025-03-20 12:00:00,31.890268760455484,58.91628630805102
2025-03-20 13:00:00,31.359065157770747,66.19266753789805
2025-03-20 14:00:00,29.76371055008531,57.376282518734996
2025-03-20 15:00:00,30.129321858034256,59.620341764456796
2025-03-20 16:00:00,28.934245677012576,56.89182033893189
2025-03-20 17:00:00,29.002054070452797,55.22445140305314
2025-03-20 18:00:00,29.348420764425587,60.778714406784495
2025-03-20 19:00:00,29.018753703004172,47.611416257137485
2025-03-20 20:00:00,28.964208442248054,45.70592092638877
2025-03-20 21:00:00,29.70238517932232,44.550524991378765
2025-03-20 22:00:00,30.340702998658358,46.93248035642768
2025-03-20 23:00:00,30.83892740680936,45.58592898545056
2025-03-21 00:00:00,31.718189030952754,52.129410900960465
2025-03-21 01:00:00,33.98060075279778,52.57508457818281
2025-03-21 02:00:00,33.87396143943943,55.17644905343535
2025-03-21 03:00:00,33.81016197022275,59.968597107232064
2025-03-21 04:00:00,35.080865616048335,61.743456827651755
2025-03-21 05:00:00,34.55594776814884,57.10387530036006
2025-03-21 06:00:00,35.86372559115575,59.2934518856509
2025-03-21 07:00:00,35.11871711371212,63.85331445294484
2025-03-21 08:00:00,34.43746037723636,68.54969704010159
2025-03-21 09:00:00,34.4047197652943,65.94507619790018
2025-03-21 10:00:00,32.168524959431636,58.62529057561559
2025-03-21 11:00:00,31.800269041266155,63.42210392877331
2025-03-21 12:00:00,30.970085875967193,63.23412589448954
2025-03-21 13:00:00,31.26312322158984,59.37866722532078
2025-03-21 14:00:00,31.81123788067451,63.133836450628216
2025-03-21 15:00:00,31.588945654480902,60.76938229332054
2025-03-21 16:00:00,29.837590550885725,58.1555657939973
2025-03-21 17:00:00,29.428123982174796,50.50715699522764
2025-03-21 18:00:00,27.484379693764247,53.806539237627234
2025-03-21 19:00:00,28.593309362432013,49.37606475960179
2025-03-21 20:00:00,28.69692266820653,44.76025313607208
2025-03-21 21:00:00,29.3072274589259,47.910588530712566
2025-03-21 22:00:00,30.290710826218604,47.255427367117726
2025-03-21 23:00:00,30.771096283621173,51.46929833939643
2025-03-22 00:00:00,30.354455418707737,54.98845016106541
2025-03-22 01:00:00,33.312680607209955,58.1451004709319
2025-03-22 02:00:00,32.57970084641652,63.641115926545126
2025-03-22 03:00:00,34.25061310185693,65.43789962393912
2025-03-22 04:00:00,36.19523761416167,64.33670741370648
2025-03-22 05:00:00,34.10016507260643,63.87366205894491
2025-03-22 06:00:00,32.913665248811306,61.856833456321496
2025-03-22 07:00:00,34.606869368371484,65.2192685681022
2025-03-22 08:00:00,35.416739186360545,69.66736284746375
2025-03-22 09:00:00,35.62589357394449,78.14642805619796
2025-03-22 10:00:00,32.45425559144643,67.70856317582638
2025-03-22 11:00:00,33.111711780905146,69.52759740530547
2025-03-22 12:00:00,31.565646901584326,75.73180967963239
2025-03-22 13:00:00,31.076679448257497,67.84364314902652
2025-03-22 14:00:00,32.553369944622,68.43709847397807
2025-03-22 15:00:00,28.614198660732605,55.889674471050974
2025-03-22 16:00:00,29.54281078485071,68.34635181457035
2025-03-22 17:00:00,29.41427232555351,59.91006117357051
2025-03-22 18:00:00,29.806524326959845,61.64142707802922
2025-03-22 19:00:00,29.11850431091788,52.41925086238864
2025-03-22 20:00:00,29.586259487258335,58.50450245216588
2025-03-22 21:00:00,29.503256069511295,56.42558088511761
2025-03-22 22:00:00,30.653196820004453,55.70224174648723
2025-03-22 23:00:00,30.886884311302875,57.52126795126164
2025-03-23 00:00:00,32.446655281460785,57.6028224280161
2025-03-23 01:00:00,32.4301666360486,59.793261013583525
2025-03-23 02:00:00,33.751078084697696,61.97195078679026
2025-03-23 03:00:00,34.04730786218761,65.19146383898176
2025-03-23 04:00:00,35.448314181547,67.70849989410144
2025-03-23 05:00:00,34.80606026957236,65.13284063184719
2025-03-23 06:00:00,33.53097179501044,60.26870655838049
2025-03-23 07:00:00,35.856712449014346,67.76754929139621
2025-03-23 08:00:00,33.822888140239165,71.60529325382136
2025-03-23 09:00:00,33.547705042216535,68.14012596985036
2025-03-23 10:00:00,32.972868734341155,69.14130034608127
2025-03-23 11:00:00,33.82540537942016,72.13931063430927
2025-03-23 12:00:00,30.240858398392987,68.1641924681016
2025-03-23 13:00:00,33.683139461196376,71.07906651368202
2025-03-23 14:00:00,31.294243216828786,63.702041656572995
2025-03-23 15:00:00,30.00666855731963,65.1822284530658
2025-03-23 16:00:00,29.3074063577296,64.09369956408294
2025-03-23 17:00:00,29.280063550594868,64.26162727777901
2025-03-23 18:00:00,29.366295712279417,66.61894682996623
2025-03-23 19:00:00,29.567792759468787,57.278796687313516
2025-03-23 20:00:00,29.79580513102539,52.8498166187007
2025-03-23 21:00:00,29.899741971020504,52.97110517369008
2025-03-23 22:00:00,30.291527033330084,52.404152527127735
2025-03-23 23:00:00,31.051922007345574,58.989906624063465
2025-03-24 00:00:00,31.803803356067267,56.593306365934225
2025-03-24 01:00:00,33.643203193150626,54.61251996394436
2025-03-24 02:00:00,33.9345753581741,55.3579439505384
2025-03-24 03:00:00,31.72873941617763,56.51207861981666
2025-03-24 04:00:00,35.08252681292653,59.66522182291278
2025-03-24 05:00:00,35.01329641499164,59.332640661388126
2025-03-24 06:00:00,34.94476297519269,54.327823837425655
2025-03-24 07:00:00,34.54669269674551,59.22023106198017
2025-03-24 08:00:00,35.457096367691534,66.03536444031549
2025-03-24 09:00:00,34.83907149360734,64.30826813068835
2025-03-24 10:00:00,32.84142784609052,63.07425539266279
2025-03-24 11:00:00,33.0618289453566,62.75391393129581
2025-03-24 12:00:00,31.182404592716384,60.46352918373437
2025-03-24 13:00:00,30.079578313210703,54.820296060204505
2025-03-24 14:00:00,29.95835620067744,61.80149008062241
2025-03-24 15:00:00,30.528324414695977,63.33404283000205
2025-03-24 16:00:00,30.124153805296967,53.3814494271121
2025-03-24 17:00:00,29.47242083756004,60.98573092460772
2025-03-24 18:00:00,29.53980660982781,55.74006600822518
2025-03-24 19:00:00,29.474895131174172,50.62573784706186
2025-03-24 20:00:00,28.848468492817734,46.72190380907267
2025-03-24 21:00:00,30.183947672528923,49.41743250279506
2025-03-24 22:00:00,31.100057600531557,50.424810732693146
2025-03-24 23:00:00,31.786705908892706,55.852458248707336
2025-03-25 00:00:00,32.92001953485144,50.53727112515751
2025-03-25 01:00:00,33.31198905074014,56.785101307537275
2025-03-25 02:00:00,33.750047403705,59.05407582133765
2025-03-25 03:00:00,34.94632937188452,60.052413111013365
2025-03-25 04:00:00,34.54574804162579,64.15644321789668
2025-03-25 05:00:00,34.16116659555676,54.90325958382807
2025-03-25 06:00:00,34.83843526651672,60.581097947510685
2025-03-25 07:00:00,34.27074420069377,56.369067655224534
2025-03-25 08:00:00,34.02682242904554,69.94849860133998
2025-03-25 09:00:00,33.97459424465896,66.13120265322202
2025-03-25 10:00:00,32.834952900871755,62.939287875981755
2025-03-25 11:00:00,32.49897674926806,67.41637476029739
2025-03-25 12:00:00,30.453997104108698,58.34250897033887
2025-03-25 13:00:00,31.363066668262515,57.21534272617086
2025-03-25 14:00:00,30.469853217961507,58.29519514280923
2025-03-25 15:00:00,29.19389758925753,59.406114500429155
2025-03-25 16:00:00,29.898209161064337,62.992892744677086
2025-03-25 17:00:00,29.82116746890577,59.011489569919924
2025-03-25 18:00:00,27.682840946176547,58.78370490481986
2025-03-25 19:00:00,28.460931535951552,42.15515200028001
2025-03-25 20:00:00,28.755498746488573,45.43010734922572
2025-03-25 21:00:00,29.095646013224993,46.50643747234268
2025-03-25 22:00:00,31.132468711217125,50.69476539777327
2025-03-25 23:00:00,31.03737079134592,51.119550589173244
2025-03-26 00:00:00,31.765259754527317,54.250200430325755
2025-03-26 01:00:00,31.150238871357967,49.73600945393287
2025-03-26 02:00:00,33.985206051743184,56.590456953997105
2025-03-26 03:00:00,33.106785255252674,54.456844788482655
2025-03-26 04:00:00,34.62289394314218,54.54353938598248
2025-03-26 05:00:00,35.09655065680957,57.83279111501292
2025-03-26 06:00:00,36.06539850424672,59.48673871795274
2025-03-26 07:00:00,33.82759278714773,55.39442532185677
2025-03-26 08:00:00,32.15933811427246,62.982086975434775
2025-03-26 09:00:00,34.2452716069384,66.86850951432928
2025-03-26 10:00:00,34.917280572784485,66.55421949369008
2025-03-26 11:00:00,33.74448584523492,69.55821872333665
2025-03-26 12:00:00,32.14459915979551,59.35183660002287
2025-03-26 13:00:00,30.807105543762606,58.289879653363
2025-03-26 14:00:00,31.122569704885656,69.36051634146484
2025-03-26 15:00:00,29.076714324252592,54.22411171868697
2025-03-26 16:00:00,29.759881631707465,54.50652291294416
2025-03-26 17:00:00,29.483470276041903,60.27367673187908
2025-03-26 18:00:00,29.82503955357491,52.45371163511322
2025-03-26 19:00:00,31.286822179837465,50.61045819379012
2025-03-26 20:00:00,29.692728189965504,54.884385517167374
2025-03-26 21:00:00,29.448380383450168,43.37227692375011
2025-03-26 22:00:00,30.456412177822212,43.875648462863836
2025-03-26 23:00:00,29.78515376835695,44.11573317716942
2025-03-27 00:00:00,31.427905479717467,54.2653085685324
2025-03-27 01:00:00,32.43270716940579,56.753203064887856
2025-03-27 02:00:00,33.06440526624104,52.978163088298345
2025-03-27 03:00:00,34.22688022577534,58.65802161839882
2025-03-27 04:00:00,33.92381625003627,60.23363523260125
2025-03-27 05:00:00,35.7782779973155,64.76293963845737
2025-03-27 06:00:00,34.98384163652327,57.23190910220235
2025-03-27 07:00:00,34.87401320654503,50.8688086187711
2025-03-27 08:00:00,34.3194364227317,64.312348793688
2025-03-27 09:00:00,34.229148875235545,65.33205539061821
2025-03-27 10:00:00,34.14375459632282,65.6819418836459
2025-03-27 11:00:00,32.06642894732756,62.155993902163445
2025-03-27 12:00:00,31.45718279332851,64.97961282178332
2025-03-27 13:00:00,30.96423802625982,64.55891372733042
2025-03-27 14:00:00,29.406979245810142,57.41754168068391
2025-03-27 15:00:00,29.206949353251876,60.86796346400883
2025-03-27 16:00:00,29.00462307439967,58.28130563381268
2025-03-27 17:00:00,29.785409850291693,58.80725564911276
2025-03-27 18:00:00,29.193725047790256,60.26833755735235
2025-03-27 19:00:00,29.240770434815545,47.85014292738173
2025-03-27 20:00:00,30.066318142969777,55.292806188638885
2025-03-27 21:00:00,29.752458210309555,44.23919127817352
2025-03-27 22:00:00,30.796047864531825,48.887373458881235
2025-03-27 23:00:00,31.124641446935154,50.644797913621424
2025-03-28 00:00:00,32.20158977195233,54.28121966088816
2025-03-28 01:00:00,32.29955010165092,56.94307164428093
2025-03-28 02:00:00,31.538246165811476,51.695647396752186
2025-03-28 03:00:00,34.00319690624322,51.93906548271917
2025-03-28 04:00:00,35.725574612665895,61.833575992163624
2025-03-28 05:00:00,35.6280496930931,61.395365745993466
2025-03-28 06:00:00,35.76161788010556,53.54533620605179
2025-03-28 07:00:00,35.8759819487448,59.56535510672824
2025-03-28 08:00:00,34.65830217655509,62.61451842575827
2025-03-28 09:00:00,34.268472801916744,64.68929775094395
2025-03-28 10:00:00,32.995178376085136,61.682894296064845
2025-03-28 11:00:00,32.512898742918544,65.95101183197934
2025-03-28 12:00:00,32.48191681224954,63.81794078456572
2025-03-28 13:00:00,32.175950306860116,59.05993755008012
2025-03-28 14:00:00,30.377742871887822,62.320135058270104
2025-03-28 15:00:00,29.50782813699185,53.81267317480009
2025-03-28 16:00:00,29.391646048164585,58.895304258109086
2025-03-28 17:00:00,29.572487812708708,55.78844605500101
2025-03-28 18:00:00,27.83421603952579,54.00455762355486
2025-03-28 19:00:00,27.254577651055627,45.57105201601528
2025-03-28 20:00:00,28.95079420148604,48.67577775985346
2025-03-28 21:00:00,28.891409608141654,51.01544451532286
2025-03-28 22:00:00,30.082787734314774,48.902256822752236
2025-03-28 23:00:00,31.094618502071082,51.88966589261797
2025-03-29 00:00:00,31.631142957403846,56.62284535611395
2025-03-29 01:00:00,33.932172847506415,62.62388077337994
2025-03-29 02:00:00,33.755137496304116,63.077705637372944
2025-03-29 03:00:00,34.35544151587057,62.54486518620389
2025-03-29 04:00:00,35.089583611210294,58.749999047901035
2025-03-29 05:00:00,33.98045266926485,63.15922749366942
2025-03-29 06:00:00,35.82503111455847,66.57874043827161
2025-03-29 07:00:00,34.830907734261096,61.65511349262612
2025-03-29 08:00:00,35.128202389768546,70.37760319336583
2025-03-29 09:00:00,33.25757624174978,75.29127468666151
2025-03-29 10:00:00,32.250734671809404,70.52565894194014
2025-03-29 11:00:00,33.42451054634984,70.47687589066459
2025-03-29 12:00:00,32.29486930550027,65.71966610045803
2025-03-29 13:00:00,30.495643305828686,63.4267134652276
2025-03-29 14:00:00,29.7980112196025,68.54419138564319
2025-03-29 15:00:00,30.77276916859443,66.80397032607412
2025-03-29 16:00:00,28.444135958975078,60.547683525153026
2025-03-29 17:00:00,30.410102568359825,67.26725231672165
2025-03-29 18:00:00,28.273245096903963,59.44864661208816
2025-03-29 19:00:00,29.606677746241758,58.7945490340763
2025-03-29 20:00:00,29.132770692669755,57.497388851495735
2025-03-29 21:00:00,30.35497128592849,54.239226101062954
2025-03-29 22:00:00,30.058450482930905,53.21920012818305
2025-03-29 23:00:00,31.08705022445686,49.10229080794551
2025-03-30 00:00:00,32.02973538527531,54.20878137884145
2025-03-30 01:00:00,31.97170721564112,54.53066366328075
2025-03-30 02:00:00,34.089659521294834,62.766958161292855
2025-03-30 03:00:00,33.70774953534111,60.69524805028992
2025-03-30 04:00:00,34.41219632404004,58.90594692102635
2025-03-30 05:00:00,34.099298024139124,61.53524431605675
2025-03-30 06:00:00,32.94713311792249,61.820851055202525
2025-03-30 07:00:00,34.7419553137458,65.1190376144892
2025-03-30 08:00:00,36.52516859360239,71.04629262590765
2025-03-30 09:00:00,34.7460038188368,73.15801643245476
2025-03-30 10:00:00,33.481591741171215,67.11684280319335
2025-03-30 11:00:00,32.56314451689968,72.31884622184026
2025-03-30 12:00:00,32.01497275920837,70.97939021563556
2025-03-30 13:00:00,31.65823820179134,65.29074708425104
2025-03-30 14:00:00,29.55234979271166,61.89609401967978
2025-03-30 15:00:00,30.767137057134192,64.99704555134663
2025-03-30 16:00:00,29.971228885958414,58.189831810531125
2025-03-30 17:00:00,29.673771146657877,65.42069258430591
2025-03-30 18:00:00,29.34778063600652,63.00747150579134
2025-03-30 19:00:00,29.11491589224672,56.317373853747675
2025-03-30 20:00:00,29.937212822378875,51.59175542639432
2025-03-30 21:00:00,30.349131008392195,53.77106697035616
2025-03-30 22:00:00,30.213767476205916,50.865205683053304
2025-03-30 23:00:00,30.76166149133365,53.35811899391781
2025-03-31 00:00:00,32.08055904412915,49.199060291227816
2025-03-31 01:00:00,34.01474726442328,59.21446611250124
2025-03-31 02:00:00,32.50778834739644,51.419233479059415
2025-03-31 03:00:00,32.94637413887725,54.6760005042129
2025-03-31 04:00:00,34.72895889226209,56.369835794486356
2025-03-31 05:00:00,34.93756164827159,54.07921516885042
2025-03-31 06:00:00,35.13774733941589,57.74304394143367
2025-03-31 07:00:00,35.09201404511357,59.962935276795214
2025-03-31 08:00:00,34.41858841556503,63.330180970387005
2025-03-31 09:00:00,35.312285102360875,70.98945155644371
2025-03-31 10:00:00,32.218350825138344,60.44386872081593
2025-03-31 11:00:00,32.11273352340293,61.353968563906754
2025-03-31 12:00:00,31.916470199800326,64.04169572867073
2025-03-31 13:00:00,29.908065823688666,56.844210010981136
2025-03-31 14:00:00,30.358390484373906,59.75782744988063
2025-03-31 15:00:00,31.206929796942337,60.22840114813193
2025-03-31 16:00:00,29.41770698720302,58.33997659707689
2025-03-31 17:00:00,29.285857253627306,50.57232573995866
2025-03-31 18:00:00,27.9909421957815,49.89465050678245
2025-03-31 19:00:00,28.608207402620778,48.34267434285791
2025-03-31 20:00:00,29.1008406923071,50.49305746309993
2025-03-31 21:00:00,29.623581586954934,45.59098674592432
2025-03-31 22:00:00,31.52438904392258,51.011815222547234
2025-03-31 23:00:00,31.6687697211921,52.88794325685269
2025-04-01 00:00:00,31.110796593395136,53.07908667308736
2025-04-01 01:00:00,32.97362391699793,48.26949123558373
2025-04-01 02:00:00,33.898540357742185,53.359251903000796
2025-04-01 03:00:00,35.033402533321414,57.06238642042892
2025-04-01 04:00:00,35.86247171955278,61.66186968690315
2025-04-01 05:00:00,34.085665084349664,63.84948860299388
2025-04-01 06:00:00,34.351276949976494,56.148281329528544
2025-04-01 07:00:00,33.89167815068027,51.78408828491252
2025-04-01 08:00:00,34.4108232830125,68.1462861410264
2025-04-01 09:00:00,34.49437000206147,71.05285337233278
2025-04-01 10:00:00,34.28983057221604,67.04573739292736
2025-04-01 11:00:00,32.715659275338304,61.16824106014607
2025-04-01 12:00:00,31.744084940340883,65.01333471705364
2025-04-01 13:00:00,31.34491221743619,63.41147884688044
2025-04-01 14:00:00,29.831848637640743,55.61908501516647
2025-04-01 15:00:00,31.550273592740936,62.93476931953671
2025-04-01 16:00:00,28.115757925896997,58.600160969591215
2025-04-01 17:00:00,29.249977943194136,61.195630425426124
2025-04-01 18:00:00,30.61884793432847,59.914579355862884
2025-04-01 19:00:00,29.107625355725553,46.319487301768035
2025-04-01 20:00:00,29.24985551959025,51.331561401506235
2025-04-01 21:00:00,29.592686277136778,44.636353789903545
2025-04-01 22:00:00,30.355649613534833,50.95590717712572
2025-04-01 23:00:00,32.32178460337842,49.069132403987865
2025-04-02 00:00:00,30.230177105555345,52.61044760677843
2025-04-02 01:00:00,34.00287073096357,55.431030768900946
2025-04-02 02:00:00,32.36050091265883,57.0546513497283
2025-04-02 03:00:00,33.90766511479106,57.508035475690484
2025-04-02 04:00:00,34.25434730973333,52.988164467334215
2025-04-02 05:00:00,35.36828672930274,62.93679930897666
2025-04-02 06:00:00,33.72116715311195,60.3518366748847
2025-04-02 07:00:00,35.267182246351716,61.127787521230736
2025-04-02 08:00:00,36.21719054460174,67.90617938517448
2025-04-02 09:00:00,33.030447774504346,63.5367641310356
2025-04-02 10:00:00,33.65143156870727,66.00885847589035
2025-04-02 11:00:00,32.246538027689226,60.93263725184631
2025-04-02 12:00:00,32.34037639957338,68.2897172366217
2025-04-02 13:00:00,31.23852772124399,61.662329313417295
2025-04-02 14:00:00,29.986477107383504,50.86561465196824
2025-04-02 15:00:00,30.268644118956168,60.50162685238976
2025-04-02 16:00:00,30.84506891109503,59.476651849519115
2025-04-02 17:00:00,28.949166122369906,56.883719351910486
2025-04-02 18:00:00,29.575472988337495,57.12999328165039
2025-04-02 19:00:00,28.067270789454813,47.94222667083872
2025-04-02 20:00:00,28.636441321811226,49.904657714920354
2025-04-02 21:00:00,30.256271313363612,50.310447850830464
2025-04-02 22:00:00,31.686959457447724,51.01859346199142
2025-04-02 23:00:00,31.507700178339917,51.58984870658434
2025-04-03 00:00:00,31.747738698330906,52.20472850672852
2025-04-03 01:00:00,32.77407538239568,51.58604556871771
2025-04-03 02:00:00,32.49785893557365,55.23293202974628
2025-04-03 03:00:00,34.60311772739337,58.66573888088946
2025-04-03 04:00:00,35.302127783961474,63.16515373046067
2025-04-03 05:00:00,34.534290335350164,60.92777194449572
2025-04-03 06:00:00,34.62215140454183,55.26284777540491
2025-04-03 07:00:00,35.10866518533827,60.65649245713578
2025-04-03 08:00:00,34.246885545270274,63.791533832203086
2025-04-03 09:00:00,34.066599374608415,68.4076751771177
2025-04-03 10:00:00,35.17796255408264,66.77049000106842
2025-04-03 11:00:00,32.5770216974602,60.5688793853016
2025-04-03 12:00:00,31.711513001132452,62.920859430130626
2025-04-03 13:00:00,30.70369454293374,52.24294879281831
2025-04-03 14:00:00,31.093538699949377,55.715442936693194
2025-04-03 15:00:00,29.731885440615304,57.984918141784696
2025-04-03 16:00:00,28.880610480738973,57.232424165234676
2025-04-03 17:00:00,30.157450869700636,58.17545525498657
2025-04-03 18:00:00,30.13386752636034,54.50265265129582
2025-04-03 19:00:00,28.62006879129126,44.06244829790875
2025-04-03 20:00:00,27.90687695030762,46.406006492265895
2025-04-03 21:00:00,30.682875731059326,51.97452162779187
2025-04-03 22:00:00,29.950481262141427,48.86219691906674
2025-04-03 23:00:00,31.85422846677208,55.80811258330071
2025-04-04 00:00:00,30.419435808170665,50.9471755250849
2025-04-04 01:00:00,33.486053868287144,53.03253000104222
2025-04-04 02:00:00,32.52658131891551,52.70634021381307
2025-04-04 03:00:00,34.701450501153,53.25401243045184
2025-04-04 04:00:00,34.6050135279626,56.96460737915843
2025-04-04 05:00:00,34.13014480569002,59.77056250790606
2025-04-04 06:00:00,34.66988981199871,59.461671915730584
2025-04-04 07:00:00,35.4423511067727,63.00225996994822
2025-04-04 08:00:00,34.678310636185635,66.51230341373717
2025-04-04 09:00:00,34.58436959027777,71.29016464604275
2025-04-04 10:00:00,35.076671329952525,67.55809571457064
2025-04-04 11:00:00,31.52058270827886,66.15180412261162
2025-04-04 12:00:00,33.28928892231503,64.85514981784068
2025-04-04 13:00:00,31.30254647705114,63.46627778010488
2025-04-04 14:00:00,29.776491623681633,63.023022015556506
2025-04-04 15:00:00,28.8099476181893,56.27762282699713
2025-04-04 16:00:00,29.24614633836519,58.29823037168986
2025-04-04 17:00:00,29.835061473012498,62.5697009270414
2025-04-04 18:00:00,28.893479566038106,56.6092537270784
2025-04-04 19:00:00,30.306665327670807,45.589320742288976
2025-04-04 20:00:00,28.23650209894557,52.254724941856765
2025-04-04 21:00:00,29.864527360503647,47.34685585589516
2025-04-04 22:00:00,29.493604106809638,48.56475554506998
2025-04-04 23:00:00,31.509967233132546,55.185961027991965
2025-04-05 00:00:00,32.70117855553941,58.03663968877733
2025-04-05 01:00:00,32.43151634382429,56.353125679217335
2025-04-05 02:00:00,31.40829755815986,58.29614749501224
2025-04-05 03:00:00,34.27214750445841,57.31063631428797
2025-04-05 04:00:00,34.93913569620169,63.02672602255928
2025-04-05 05:00:00,35.21288192629814,65.11830346028287
2025-04-05 06:00:00,35.98029439691929,64.95467422397924
2025-04-05 07:00:00,34.03260317860954,57.628332891939934
2025-04-05 08:00:00,35.13391773917524,79.02358579912746
2025-04-05 09:00:00,35.06699499700359,74.43120545645398
2025-04-05 10:00:00,32.068798576256356,73.01729379054666
2025-04-05 11:00:00,33.02384723950431,69.66281628056643
2025-04-05 12:00:00,31.588324778655434,65.21894865650748
2025-04-05 13:00:00,31.14999336967269,67.87753082617633
2025-04-05 14:00:00,30.76980983029224,65.73829631554138
2025-04-05 15:00:00,29.480565448611085,60.53173343352588
2025-04-05 16:00:00,28.853025968778965,67.34479952016463
2025-04-05 17:00:00,29.121213098584782,61.551372908770624
2025-04-05 18:00:00,28.121871892371328,56.09857025188168
2025-04-05 19:00:00,28.225231061486216,55.789914072547184
2025-04-05 20:00:00,29.937091058473456,53.373869857814356
2025-04-05 21:00:00,28.951313071775,51.288891851348126
2025-04-05 22:00:00,31.024718644188937,51.54833079845016
2025-04-05 23:00:00,31.58528454243717,63.07633663617787
2025-04-06 00:00:00,30.605990223984204,52.2223406415425
2025-04-06 01:00:00,32.221041020455715,59.17322227893724
2025-04-06 02:00:00,34.44192312945458,65.73332260063957
2025-04-06 03:00:00,33.32302352566458,62.24659314520554
2025-04-06 04:00:00,34.213188408522484,62.404776199363894
2025-04-06 05:00:00,35.2540618004854,59.352313666011476
2025-04-06 06:00:00,35.61334801444276,62.67485191869511
2025-04-06 07:00:00,34.683181977048285,63.99312857281448
2025-04-06 08:00:00,34.10670366261668,70.03054438274903
2025-04-06 09:00:00,35.245851839935135,75.05261169187955
2025-04-06 10:00:00,34.87775533805474,75.82518983494396
2025-04-06 11:00:00,33.546179182949686,74.27063118670974
2025-04-06 12:00:00,32.0548901210687,65.02026414448561
2025-04-06 13:00:00,30.563565894396376,72.60435677485034
2025-04-06 14:00:00,29.822280081771428,66.98254218085097
2025-04-06 15:00:00,30.283326547669645,65.50484532479817
2025-04-06 16:00:00,29.723277972374312,67.77051009950368
2025-04-06 17:00:00,30.21013700250662,72.47446992051184
2025-04-06 18:00:00,29.50699568104559,59.79643192271146
2025-04-06 19:00:00,27.886393886741622,50.51972106866086
2025-04-06 20:00:00,30.2301174898417,48.27891650209507
2025-04-06 21:00:00,29.066866761605507,53.898314768833984
2025-04-06 22:00:00,30.1794585894548,56.41920818679406
2025-04-06 23:00:00,31.410338636710474,57.421123199750575
2025-04-07 00:00:00,33.57695523622996,53.474918712219
2025-04-07 01:00:00,35.24481322451464,52.29212025556137
2025-04-07 02:00:00,33.96579969171174,57.25904049531644
2025-04-07 03:00:00,33.955184292986125,60.485635179121005
2025-04-07 04:00:00,35.00610197454055,56.237928186972695
2025-04-07 05:00:00,35.588323063969064,60.379161302213745
2025-04-07 06:00:00,34.723887143957036,52.79856391886251
2025-04-07 07:00:00,36.31436780799985,61.73750124547727
2025-04-07 08:00:00,34.76255406310923,66.39245042036265
2025-04-07 09:00:00,34.49993605923555,64.81263105481526
2025-04-07 10:00:00,34.01316064604636,63.94259823923505
2025-04-07 11:00:00,33.09414766820192,63.38863105666443
2025-04-07 12:00:00,32.65157364477848,64.92013250767887
2025-04-07 13:00:00,30.71016155985769,56.34180120415729
2025-04-07 14:00:00,30.033779841245966,57.86945771953918
2025-04-07 15:00:00,28.978977514465793,57.03774419204099
2025-04-07 16:00:00,29.733946017545655,55.223985157986604
2025-04-07 17:00:00,29.70579296834528,63.86042294804655
2025-04-07 18:00:00,29.3466395373243,55.26346472699972
2025-04-07 19:00:00,30.422237712213615,47.751717141084036
2025-04-07 20:00:00,29.377868217986236,44.94523894290773
2025-04-07 21:00:00,30.394094225317158,55.104809866985235
2025-04-07 22:00:00,29.60706054349134,49.95142466408285
2025-04-07 23:00:00,30.894284347115708,47.79993580607734
2025-04-08 00:00:00,32.52945760312228,56.87171836220001
2025-04-08 01:00:00,33.42876622097173,55.773875280615755
2025-04-08 02:00:00,33.237853838938314,55.59989717342347
2025-04-08 03:00:00,34.03706833914285,55.23329138419977
2025-04-08 04:00:00,33.356804611078324,52.79400033907007
2025-04-08 05:00:00,34.58518151529157,58.26662502468864
2025-04-08 06:00:00,35.68533392788549,57.59833938020711
2025-04-08 07:00:00,35.33096888882211,64.04601088860511
2025-04-08 08:00:00,34.97163618552794,64.141071818221
2025-04-08 09:00:00,34.13416669037407,71.04997036123818
2025-04-08 10:00:00,33.4786779239722,64.92766371675657
2025-04-08 11:00:00,32.221227620798466,63.89546691950056
2025-04-08 12:00:00,32.532090133231684,66.05723553970533
2025-04-08 13:00:00,31.533348617273607,59.86927962607918
2025-04-08 14:00:00,30.866642475463898,63.15270160993093
2025-04-08 15:00:00,29.43087917937595,49.852950956733174
2025-04-08 16:00:00,27.652276849819344,52.614129730009005
2025-04-08 17:00:00,29.95297208760541,56.14316133566654
2025-04-08 18:00:00,28.589957432262935,52.701405340958
2025-04-08 19:00:00,28.385029306967954,45.44818823830547
2025-04-08 20:00:00,29.929734315247536,50.03077167199065
2025-04-08 21:00:00,29.53809694157471,50.2765544903324
2025-04-08 22:00:00,31.320976504306955,52.10038797935375
2025-04-08 23:00:00,31.690175021423453,50.04523464388157
2025-04-09 00:00:00,32.5113117145342,54.627410399637064
2025-04-09 01:00:00,31.648148822320955,52.33952496473027
2025-04-09 02:00:00,34.43401144428294,59.78938910351734
2025-04-09 03:00:00,34.29477702452054,59.06140875293153
2025-04-09 04:00:00,34.26711075593017,56.772228602436186
2025-04-09 05:00:00,34.97694450871483,55.26674109720292
2025-04-09 06:00:00,33.54346806965516,53.41939205788305
2025-04-09 07:00:00,35.18915598402556,56.691112692331906
2025-04-09 08:00:00,33.73903526078147,64.78446446765788
2025-04-09 09:00:00,33.00364037085863,65.2107039503148
2025-04-09 10:00:00,32.2465689069995,65.18934720298327
2025-04-09 11:00:00,33.63106409127332,65.38255928524585
2025-04-09 12:00:00,31.461045541019587,61.67825633753667
2025-04-09 13:00:00,32.414981288599456,63.77688523447903
2025-04-09 14:00:00,30.03581508553198,57.51675121456054
2025-04-09 15:00:00,28.47724954633982,53.482872410482805
2025-04-09 16:00:00,28.473160492661574,50.985375194858705
2025-04-09 17:00:00,30.055328073112165,57.01414245737128
2025-04-09 18:00:00,28.839737713624483,58.33096424432743
2025-04-09 19:00:00,28.628048939914134,44.42175377772674
2025-04-09 20:00:00,29.494394625302732,47.3764892132671
2025-04-09 21:00:00,30.24456210134821,50.83950564466373
2025-04-09 22:00:00,31.358375308695788,53.00714404492042
2025-04-09 23:00:00,32.3467985045806,49.98563875174696
2025-04-10 00:00:00,31.666895444298092,54.991589869097496
2025-04-10 01:00:00,31.67032934737129,55.38864309333478
2025-04-10 02:00:00,33.12393823203074,51.23353924599965
2025-04-10 03:00:00,34.284255109755314,54.24014858863611
2025-04-10 04:00:00,33.78177943131419,59.38047502580412
2025-04-10 05:00:00,34.08676710788053,55.915620230419066
2025-04-10 06:00:00,35.22974066616927,51.75419935674914
2025-04-10 07:00:00,34.8135659585402,53.46537421117431
2025-04-10 08:00:00,34.579024168611944,66.49413462798405
2025-04-10 09:00:00,33.469234436728954,61.755494035258316
2025-04-10 10:00:00,33.270389789564746,63.64643030930722
2025-04-10 11:00:00,31.991780980822277,62.68239440653083
2025-04-10 12:00:00,32.66686908982919,68.18712817379674
2025-04-10 13:00:00,32.0064526934008,61.74025309943808
2025-04-10 14:00:00,28.977760071138885,60.37759352676827
2025-04-10 15:00:00,29.089781329215793,61.64788687869874
2025-04-10 16:00:00,28.159410745503983,59.9898683499634
2025-04-10 17:00:00,28.536913734536636,57.22070850232265
2025-04-10 18:00:00,28.887959985097073,51.10846052965781
2025-04-10 19:00:00,27.897216706303333,46.597464667557595
2025-04-10 20:00:00,28.619146299075794,49.65966300177705
2025-04-10 21:00:00,29.03022411970452,47.01120209916189
2025-04-10 22:00:00,30.620524224448516,55.35069521423308
2025-04-10 23:00:00,31.2337286952508,53.800212335853814
2025-04-11 00:00:00,31.36640255718552,53.164344734392294
2025-04-11 01:00:00,32.8617064328744,57.41021371279143
2025-04-11 02:00:00,33.00644853218551,55.41171691171655
2025-04-11 03:00:00,33.84778885515412,48.447588441091355
2025-04-11 04:00:00,35.88063048344747,58.087718015794344
2025-04-11 05:00:00,35.913938920154806,63.236594138022205
2025-04-11 06:00:00,33.904127610313246,53.604655678268955
2025-04-11 07:00:00,35.50535601302587,58.23922330773575
2025-04-11 08:00:00,35.19098605480191,65.20926595693423
2025-04-11 09:00:00,33.14650231241287,70.01547194794847
2025-04-11 10:00:00,34.09881471485921,71.42234385900062
2025-04-11 11:00:00,33.95059526989292,63.45946480038507
2025-04-11 12:00:00,31.04575675485979,61.324256159914874
2025-04-11 13:00:00,30.433333207736347,57.73851763063328
2025-04-11 14:00:00,31.257921773330125,63.10909310908836
2025-04-11 15:00:00,30.039668504956197,60.60045254064814
2025-04-11 16:00:00,29.786897408693623,61.05153205048831
2025-04-11 17:00:00,29.318486494108512,58.76903103251898
2025-04-11 18:00:00,29.256349336597836,66.4676474250415
2025-04-11 19:00:00,27.98483741833925,42.28893605797844
2025-04-11 20:00:00,30.183570553799164,44.19861693352895
2025-04-11 21:00:00,30.758144250237898,49.185389048323835
2025-04-11 22:00:00,30.260280004600897,44.76453921160081
2025-04-11 23:00:00,31.132553904696668,46.56121021843602
2025-04-12 00:00:00,30.706820205875353,53.26833240798174
2025-04-12 01:00:00,33.11956714804176,57.84865415018029
2025-04-12 02:00:00,33.88935216129124,59.136979584474055
2025-04-12 03:00:00,34.00327373788013,63.760549579520465
2025-04-12 04:00:00,35.42926510716965,63.25411000964935
2025-04-12 05:00:00,34.56222190200318,62.673455698988285
2025-04-12 06:00:00,35.38339094863481,67.37280203104547
2025-04-12 07:00:00,34.01375221583344,59.925786414155915
2025-04-12 08:00:00,34.510940698573854,72.32605556131878
2025-04-12 09:00:00,33.913543145157306,73.1416576195619
2025-04-12 10:00:00,33.61195254555268,65.67681118013417
2025-04-12 11:00:00,32.41254180016081,62.18785871343772
2025-04-12 12:00:00,31.826528131382595,69.32610262288183
2025-04-12 13:00:00,31.816086809765572,69.74499909927871
2025-04-12 14:00:00,30.082294818129355,71.34079107719008
2025-04-12 15:00:00,28.525124183769346,62.819508158385254
2025-04-12 16:00:00,30.733297119930953,68.77915396764999
2025-04-12 17:00:00,30.139091992005113,64.66394765485128
2025-04-12 18:00:00,27.897896051835435,62.107894558059044
2025-04-12 19:00:00,29.58569497324888,59.25602147709659
2025-04-12 20:00:00,28.93125018012554,46.704271869849066
2025-04-12 21:00:00,30.021175636625134,56.278964918640284
2025-04-12 22:00:00,30.667085511130725,62.6075141102674
2025-04-12 23:00:00,30.96772283235931,57.58800375587479
2025-04-13 00:00:00,31.291442234112843,62.276314911101665
2025-04-13 01:00:00,32.142479060036514,56.968825859477406
2025-04-13 02:00:00,32.68550123419696,59.73775973906339
2025-04-13 03:00:00,33.37431734355725,61.174345325568815
2025-04-13 04:00:00,34.46278834589579,56.38024578453611
2025-04-13 05:00:00,34.243624254160565,59.133990173938415
2025-04-13 06:00:00,35.46409641915206,61.544748316321744
2025-04-13 07:00:00,36.006029169717905,68.27705073958981
2025-04-13 08:00:00,34.05248838483924,74.9109384097628
2025-04-13 09:00:00,34.23129871056991,73.58844700714543
2025-04-13 10:00:00,33.81820285482431,74.34507382925086
2025-04-13 11:00:00,33.07251371862495,70.03807645535959
2025-04-13 12:00:00,31.97921898091483,72.16838917426531
2025-04-13 13:00:00,31.736143565962173,68.15142374662813
2025-04-13 14:00:00,30.804253928726485,66.62124921398795
2025-04-13 15:00:00,28.80700448516048,62.055830173501626
2025-04-13 16:00:00,30.015703406740062,67.0816175650414
2025-04-13 17:00:00,29.73050995752815,63.25132147371193
2025-04-13 18:00:00,28.307825883239094,64.88338072142457
2025-04-13 19:00:00,29.051027556072835,49.89540217878308
2025-04-13 20:00:00,29.867041749477497,51.46392638487491
2025-04-13 21:00:00,29.62968336735883,56.395710326625405
2025-04-13 22:00:00,31.27683720479477,57.03267432488155
2025-04-13 23:00:00,33.03309562696988,59.0978978800864
2025-04-14 00:00:00,31.27525337642149,53.96562927498506
2025-04-14 01:00:00,31.575663655314013,50.01441033730697
2025-04-14 02:00:00,33.64709707901338,54.96417097932297
2025-04-14 03:00:00,34.60261255019004,61.482386440555544
2025-04-14 04:00:00,34.317425314806975,61.38879260408451
2025-04-14 05:00:00,35.964428212053505,64.45316541250729
2025-04-14 06:00:00,33.83315756275088,55.05330628214984
2025-04-14 07:00:00,35.35615457982197,62.33318695863296
2025-04-14 08:00:00,34.01742975727568,63.38451507979019
2025-04-14 09:00:00,35.40086487105496,66.00084814373274
2025-04-14 10:00:00,34.99805448506397,60.94513051524205
2025-04-14 11:00:00,32.06717406761035,67.73951792739422
2025-04-14 12:00:00,31.46439649380261,59.04397414161646
2025-04-14 13:00:00,31.81525537680575,61.88786193900918
2025-04-14 14:00:00,30.094337682697862,56.4388348030713
2025-04-14 15:00:00,29.746392884624044,60.6290029373137
2025-04-14 16:00:00,29.326276727610086,56.66039712754613
2025-04-14 17:00:00,27.470526198704142,50.532496486368615
2025-04-14 18:00:00,28.892972005654084,58.33233730273553
2025-04-14 19:00:00,28.45448250441093,41.91687843350899
2025-04-14 20:00:00,28.91146773325634,44.52842474391494
2025-04-14 21:00:00,30.937627461744885,44.36706208726255
2025-04-14 22:00:00,29.39883668710607,43.6460317001981
2025-04-14 23:00:00,31.778149216620292,52.736256099077956
2025-04-15 00:00:00,31.6653024422508,46.10393628174266
2025-04-15 01:00:00,32.441121787027136,48.950582042783694
2025-04-15 02:00:00,34.020770303357615,56.23027979764529
2025-04-15 03:00:00,34.281834165731006,55.07648081003666
2025-04-15 04:00:00,34.94303939564519,63.873580820039265
2025-04-15 05:00:00,35.56079799380974,64.51112602693067
2025-04-15 06:00:00,34.62342607996959,54.7183995556918
2025-04-15 07:00:00,34.29646087777725,58.405042435209495
2025-04-15 08:00:00,33.61842857662332,67.76101910856033
2025-04-15 09:00:00,33.349464706092725,63.23659989689369
2025-04-15 10:00:00,35.74774832676323,64.8593223786792
2025-04-15 11:00:00,33.66067358641324,65.55231710761966
2025-04-15 12:00:00,30.807613293549828,59.93516690394736
2025-04-15 13:00:00,30.054049285813825,57.78999522355303
2025-04-15 14:00:00,30.773965635891038,61.72008874909732
2025-04-15 15:00:00,30.204964280858977,57.11674688452936
2025-04-15 16:00:00,29.729503643416823,55.057113915412856
2025-04-15 17:00:00,28.786730672806083,57.143364122100444
2025-04-15 18:00:00,28.788109378513926,57.97650715903169
2025-04-15 19:00:00,29.252998926976527,44.12546323685759
2025-04-15 20:00:00,29.359110980197595,50.63067159732892
2025-04-15 21:00:00,27.991712144758576,40.0736384472372
2025-04-15 22:00:00,30.20463308205609,47.63399917155403
2025-04-15 23:00:00,30.43089050380043,49.001577298247945
2025-04-16 00:00:00,32.01192026722307,50.71278534304573
2025-04-16 01:00:00,35.03641546948654,56.3703664244222
2025-04-16 02:00:00,33.6657364644757,61.2115490829806
2025-04-16 03:00:00,33.742247726717984,53.18339364097567
2025-04-16 04:00:00,35.207268545031376,65.69674854847221
2025-04-16 05:00:00,35.155678920730836,59.59160239650866
2025-04-16 06:00:00,35.20782672445773,58.650253515959896
2025-04-16 07:00:00,35.255009085536,59.887737414127805
2025-04-16 08:00:00,36.11506219531321,77.59689519931963
2025-04-16 09:00:00,33.08836072739517,61.57827029751696
2025-04-16 10:00:00,33.750656793545424,62.389928471572595
2025-04-16 11:00:00,31.907103363418585,60.16818746443769
2025-04-16 12:00:00,32.31616124917006,63.26551968939979
2025-04-16 13:00:00,30.360344787599818,54.47130724324195
2025-04-16 14:00:00,30.03785768121219,59.135161544137766
2025-04-16 15:00:00,29.51435885714629,63.206487343104335
2025-04-16 16:00:00,30.05432829621871,59.55201310506801
2025-04-16 17:00:00,29.708737208382985,57.59767059816354
2025-04-16 18:00:00,27.87517723093915,53.32083766963959
2025-04-16 19:00:00,29.01792094202893,49.927792809306766
2025-04-16 20:00:00,28.706011036943604,44.19332154678435
2025-04-16 21:00:00,28.743626859996347,52.277716109791164
2025-04-16 22:00:00,30.19813749175676,55.156726728305244
2025-04-16 23:00:00,30.84850776602404,51.29756637482863
2025-04-17 00:00:00,33.795255383333014,55.796914425769494
2025-04-17 01:00:00,32.97670718985272,57.450052366459566
2025-04-17 02:00:00,32.251788193653205,56.33761425525775
2025-04-17 03:00:00,33.52338333447948,52.92411480888483
2025-04-17 04:00:00,35.26906504195343,56.90465167610607
2025-04-17 05:00:00,36.42241389141974,56.593302700505646
2025-04-17 06:00:00,33.585095544466235,56.680366795041394
2025-04-17 07:00:00,33.24772016501256,56.845779947393275
2025-04-17 08:00:00,35.94873054590734,65.6579380690494
2025-04-17 09:00:00,34.28689387971296,65.35081226903486
2025-04-17 10:00:00,32.6592480087555,59.74488466301585
2025-04-17 11:00:00,33.05804259846211,61.80807724650028
2025-04-17 12:00:00,29.745284003043093,60.19456238615647
2025-04-17 13:00:00,31.08012546422676,58.74377963557333
2025-04-17 14:00:00,30.616139132531064,59.206572570459016
2025-04-17 15:00:00,30.471977962327216,54.96762514834704
2025-04-17 16:00:00,28.44468922106925,56.76141122709865
2025-04-17 17:00:00,29.024654444512077,57.111558040587795
2025-04-17 18:00:00,28.113542493408925,53.417498738036585
2025-04-17 19:00:00,29.160411719928845,46.9216982028245
2025-04-17 20:00:00,28.53952892501286,46.91203670653348
2025-04-17 21:00:00,29.406081179368776,45.486341676135766
2025-04-17 22:00:00,29.557229878424412,43.7742261491586
2025-04-17 23:00:00,31.598334052407957,57.29372459239477
2025-04-18 00:00:00,32.52163216127452,51.63911977616332
2025-04-18 01:00:00,32.423631947290815,53.0722571955628
2025-04-18 02:00:00,33.3654616639172,58.09035020011191
2025-04-18 03:00:00,32.797318479801994,64.62233882635505
2025-04-18 04:00:00,34.19320616089707,52.81431173994813
2025-04-18 05:00:00,34.692485053183,58.79595473690893
2025-04-18 06:00:00,36.93150574077316,59.354053477509375
2025-04-18 07:00:00,33.843075126197064,54.301164313424586
2025-04-18 08:00:00,35.60428927030445,66.92708462352763
2025-04-18 09:00:00,34.75367863028148,64.1796566311049
2025-04-18 10:00:00,33.55938039154129,65.28301061942032
2025-04-18 11:00:00,34.018224790612855,61.809296561958426
2025-04-18 12:00:00,32.132555646034675,65.67902286239803
2025-04-18 13:00:00,31.369741489175965,61.630543488616865
2025-04-18 14:00:00,30.29237474553515,60.79357946066759
2025-04-18 15:00:00,30.692406030324445,58.847765018745335
2025-04-18 16:00:00,30.113970443644575,58.10353499592499
2025-04-18 17:00:00,28.436551959085012,57.048485241855005
2025-04-18 18:00:00,27.779473512270172,51.51090042486884
2025-04-18 19:00:00,28.774709279165457,45.72050539925782
2025-04-18 20:00:00,28.596764205077754,43.89533502750459
2025-04-18 21:00:00,29.66273126469726,45.72120984468202
2025-04-18 22:00:00,31.3248217756965,45.055164474376774
2025-04-18 23:00:00,30.69257280857219,54.264610823869944
2025-04-19 00:00:00,31.780465281472523,56.145221247189234
2025-04-19 01:00:00,32.63759930967606,63.237806922907566
2025-04-19 02:00:00,33.993468692286015,65.39462061029771
2025-04-19 03:00:00,32.13853286289375,54.99136003365926
2025-04-19 04:00:00,33.92743996206286,58.80415822469462
2025-04-19 05:00:00,34.881528419212565,71.46826003264967
2025-04-19 06:00:00,35.774787151663276,70.64739469877533
2025-04-19 07:00:00,34.31897950738402,62.679607573306924
2025-04-19 08:00:00,32.9115580330416,71.01292377872693
2025-04-19 09:00:00,34.43181348685434,71.08472506749624
2025-04-19 10:00:00,32.80643407546128,71.34863947843132
2025-04-19 11:00:00,31.63944779455706,65.7994603280353
2025-04-19 12:00:00,31.315247674751205,61.270384521657014
2025-04-19 13:00:00,30.89064656508954,62.63849645762802
2025-04-19 14:00:00,29.830928254891212,64.75894910235594
2025-04-19 15:00:00,27.928950797282887,57.878909728601435
2025-04-19 16:00:00,29.934300732678174,64.67990892408011
2025-04-19 17:00:00,29.936846540677557,61.66234065492101
2025-04-19 18:00:00,29.33594157959339,61.45763307576212
2025-04-19 19:00:00,28.006797971314725,53.97173226760608
2025-04-19 20:00:00,29.055454548010452,54.04225982933912
2025-04-19 21:00:00,29.688186590778574,54.40974259946139
2025-04-19 22:00:00,30.793759498171312,59.06565901592032
2025-04-19 23:00:00,31.572939242188685,59.273116415981676
2025-04-20 00:00:00,31.20610728102589,61.51068297960071
2025-04-20 01:00:00,32.6354999004871,58.36432203393136
2025-04-20 02:00:00,33.65927064374088,60.29778222315106
2025-04-20 03:00:00,35.07942452132575,60.23963633921231
2025-04-20 04:00:00,34.955127763261785,62.63228782175395
2025-04-20 05:00:00,35.32246914881631,67.47475415077669
2025-04-20 06:00:00,34.86050762239218,67.64887583709232
2025-04-20 07:00:00,35.819591115078694,68.35617951140165
2025-04-20 08:00:00,34.7193327681696,68.11222338305697
2025-04-20 09:00:00,33.22589633546948,74.05604904182727
2025-04-20 10:00:00,34.41614229614884,67.4335002632517
2025-04-20 11:00:00,33.128226073387474,73.3251589044645
2025-04-20 12:00:00,31.4390111031459,66.48686640594946
2025-04-20 13:00:00,30.63339481082173,68.24771060128069
2025-04-20 14:00:00,30.530706756161297,61.95792711740664
2025-04-20 15:00:00,30.042673812703114,68.59031576098405
2025-04-20 16:00:00,29.353203921200336,59.44084281984594
2025-04-20 17:00:00,29.14471577993579,61.45512367132489
2025-04-20 18:00:00,30.153412219709793,62.281858112170525
2025-04-20 19:00:00,29.75290336296939,49.29237149487741
2025-04-20 20:00:00,29.34787858170739,54.10976414983871
2025-04-20 21:00:00,30.42517444110303,61.18358134749634
2025-04-20 22:00:00,29.467427197226655,62.04208462196801
2025-04-20 23:00:00,31.33533082469857,57.69506284571617
2025-04-21 00:00:00,33.21848965334817,58.14332520122928
2025-04-21 01:00:00,32.37306499255534,53.96780090038523
2025-04-21 02:00:00,32.59293743066641,55.16393695950417
2025-04-21 03:00:00,33.37069380624688,54.04080289786266
2025-04-21 04:00:00,33.49741435504109,55.88057661534177
2025-04-21 05:00:00,34.041012525926725,57.886258660487385
2025-04-21 06:00:00,34.47463809468966,55.318969383812394
2025-04-21 07:00:00,33.54436843708597,55.147380287075784
2025-04-21 08:00:00,34.38161545207468,66.71161745674198
2025-04-21 09:00:00,34.61418665615064,69.78474593306274
2025-04-21 10:00:00,32.54483962944415,60.38261481811643
2025-04-21 11:00:00,33.76292884778266,65.61864530018583
2025-04-21 12:00:00,32.17967824438376,68.65943724704886
2025-04-21 13:00:00,31.819051906753366,65.76647388991387
2025-04-21 14:00:00,29.744776930479972,62.588135621530064
2025-04-21 15:00:00,30.333344411655332,59.6733154615137
2025-04-21 16:00:00,28.299421241892116,56.901950926463876
2025-04-21 17:00:00,29.585465095363684,61.26054567176341
2025-04-21 18:00:00,28.908516045396507,61.7160954703065
2025-04-21 19:00:00,29.315868070682303,41.913753788579484
2025-04-21 20:00:00,28.232492677708485,41.87216289872574
2025-04-21 21:00:00,28.933668356180757,51.008935345333306
2025-04-21 22:00:00,30.748827148164388,49.517220799389484
2025-04-21 23:00:00,30.23590903487476,47.40947389500034
2025-04-22 00:00:00,32.11809041886102,49.05007979296303
2025-04-22 01:00:00,31.430272275321087,49.90943999094563
2025-04-22 02:00:00,33.92606475531506,51.85980870929563
2025-04-22 03:00:00,32.88282707692656,60.46237155666524
2025-04-22 04:00:00,34.78744154667866,57.55008662807987
2025-04-22 05:00:00,35.14580761096573,58.088602074450165
2025-04-22 06:00:00,34.19010793043807,58.306424300292015
2025-04-22 07:00:00,35.11092411771671,61.086698919689795
2025-04-22 08:00:00,34.55395540720188,70.0347842026273
2025-04-22 09:00:00,33.43777224378718,68.40885587053964
2025-04-22 10:00:00,32.44068163792076,61.5006902958848
2025-04-22 11:00:00,30.95388196715122,59.82338712600161
2025-04-22 12:00:00,32.027245423021476,64.95613672776548
2025-04-22 13:00:00,29.719226032784515,56.91243967409327
2025-04-22 14:00:00,30.323800744734772,59.567521444440914
2025-04-22 15:00:00,29.415446468756283,59.14409493703575
2025-04-22 16:00:00,29.692763394178964,60.80252935645326
2025-04-22 17:00:00,28.60811150672263,51.16155782499013
2025-04-22 18:00:00,28.48396715610405,58.41537783065412
2025-04-22 19:00:00,29.435244469745157,47.28226787198611
2025-04-22 20:00:00,29.4174955970957,50.0738652073654
2025-04-22 21:00:00,29.879129807368304,51.113228730327435
2025-04-22 22:00:00,30.622939457028544,54.94503620600885
2025-04-22 23:00:00,29.742610551308477,52.597059935218866
2025-04-23 00:00:00,32.32832666814151,57.230702990485604
2025-04-23 01:00:00,32.98932789467036,58.711801167905364
2025-04-23 02:00:00,32.40954922129072,54.21132555277113
2025-04-23 03:00:00,33.6489516887722,55.66466830090048
2025-04-23 04:00:00,34.28952610540313,59.33959823926063
2025-04-23 05:00:00,34.51307577549774,59.319779250195
2025-04-23 06:00:00,34.98998369740674,57.05477194511735
2025-04-23 07:00:00,35.76576662848407,60.592850157696134
2025-04-23 08:00:00,35.1863853176435,68.23020417140451
2025-04-23 09:00:00,32.79444071296644,61.46819455795942
2025-04-23 10:00:00,33.720551716396756,69.56837531364322
2025-04-23 11:00:00,33.56249951508781,65.57809685474832
2025-04-23 12:00:00,32.03234254070328,68.80434134636246
2025-04-23 13:00:00,31.819222928993128,57.39812446158813
2025-04-23 14:00:00,31.83271208071253,60.62854542675245
2025-04-23 15:00:00,30.42054301747786,59.854893941532765
2025-04-23 16:00:00,29.324266389311987,61.19582279364832
2025-04-23 17:00:00,29.661189024552517,59.588548362001085
2025-04-23 18:00:00,28.83880599062943,57.841269045675226
2025-04-23 19:00:00,28.844240679912676,43.53784184618037
2025-04-23 20:00:00,28.843688124227615,43.447814431921294
2025-04-23 21:00:00,30.852306067657963,51.50166490265404
2025-04-23 22:00:00,29.56815279139832,44.1303570430619
2025-04-23 23:00:00,32.17233276858685,51.31456573258834
2025-04-24 00:00:00,32.09705418776467,54.27744952523398
2025-04-24 01:00:00,31.35417508423838,48.49054233479876
2025-04-24 02:00:00,33.49128232316551,60.100376068783326
2025-04-24 03:00:00,32.13846202621072,56.52104067989296
2025-04-24 04:00:00,34.795645513590514,52.91790192944803
2025-04-24 05:00:00,35.30312555403077,55.74851226770942
2025-04-24 06:00:00,34.223278124250726,49.744568890166455
2025-04-24 07:00:00,34.693778524404046,55.10102725628289
2025-04-24 08:00:00,35.858565047125914,71.84458251454384
2025-04-24 09:00:00,33.41388586892246,63.90330973723587
2025-04-24 10:00:00,32.35003681912709,64.61245800527666
2025-04-24 11:00:00,33.65895074605002,61.0191083880448
2025-04-24 12:00:00,33.267232641197005,67.27494451790032
2025-04-24 13:00:00,30.923662290943085,58.9972644399125
2025-04-24 14:00:00,31.006333317099056,60.84790901762702
2025-04-24 15:00:00,30.649023277637436,59.88961839556823
2025-04-24 16:00:00,28.505099291388348,52.494533161822176
2025-04-24 17:00:00,28.411140741610872,52.680800339680225
2025-04-24 18:00:00,29.68186249929616,61.33073590574337
2025-04-24 19:00:00,30.147396832871973,50.46229077167464
2025-04-24 20:00:00,29.549391365558538,51.33905158266565
2025-04-24 21:00:00,28.871991062411087,47.94355861884751
2025-04-24 22:00:00,31.786811778131923,52.64523310506511
2025-04-24 23:00:00,30.495929035215237,44.71464040738712
2025-04-25 00:00:00,31.402224279300412,50.71290361245723
2025-04-25 01:00:00,32.72066190713683,53.81503847163506
2025-04-25 02:00:00,34.413662840809394,62.80391470827463
2025-04-25 03:00:00,34.474835629039,59.115574028566236
2025-04-25 04:00:00,34.600303115880415,61.88872915371333
2025-04-25 05:00:00,34.93874280719926,59.682350170642856
2025-04-25 06:00:00,34.70514623915235,55.335353549625786
2025-04-25 07:00:00,35.01462359471958,58.3776951189448
2025-04-25 08:00:00,32.244762653435444,63.7492437149765
2025-04-25 09:00:00,33.55436888054138,62.58039727566245
2025-04-25 10:00:00,33.363392052171,63.90094356412904
2025-04-25 11:00:00,31.525980372649535,61.12946368973765
2025-04-25 12:00:00,31.979393158486822,67.37976718297163
2025-04-25 13:00:00,30.730300392141114,54.07231912968107
2025-04-25 14:00:00,31.574715062889965,65.45194237535007
2025-04-25 15:00:00,30.807429940849815,57.642988188651515
2025-04-25 16:00:00,28.699613837589727,52.54306734585266
2025-04-25 17:00:00,28.651886856117013,60.113222731126015
2025-04-25 18:00:00,28.611176451750858,58.695811820854686
2025-04-25 19:00:00,28.411229444442668,49.90376910714038
2025-04-25 20:00:00,29.228278280106757,50.01300674682889
2025-04-25 21:00:00,28.94238850556786,53.27583431523435
2025-04-25 22:00:00,29.26584223628755,49.35468753615105
2025-04-25 23:00:00,31.392046348050226,51.03625129812093
2025-04-26 00:00:00,32.14604218775431,59.89165506992179
2025-04-26 01:00:00,31.77542304795643,61.926168871359465
2025-04-26 02:00:00,33.858702864986945,59.60753918119615
2025-04-26 03:00:00,33.25847668060425,58.9095922774935
2025-04-26 04:00:00,34.44302692216056,62.07056841609529
2025-04-26 05:00:00,35.196471209334035,58.03989978050527
2025-04-26 06:00:00,34.615528468613896,63.722186468757656
2025-04-26 07:00:00,34.903988728956975,58.16879360026948
2025-04-26 08:00:00,33.82735101662012,72.04840976871407
2025-04-26 09:00:00,33.606565597194034,74.08768734335501
2025-04-26 10:00:00,32.97773097567259,68.92928637427916
2025-04-26 11:00:00,31.82161297845224,73.31025097177465
2025-04-26 12:00:00,31.50099918988424,63.32029584353617
2025-04-26 13:00:00,29.627066745978304,67.90250218765644
2025-04-26 14:00:00,29.74949552266318,66.57450311001449
2025-04-26 15:00:00,29.293197782121485,58.5796562628866
2025-04-26 16:00:00,28.839398507027244,71.04330020977063
2025-04-26 17:00:00,28.551443084813037,62.20136169615157
2025-04-26 18:00:00,28.59300716048876,59.834960822412874
2025-04-26 19:00:00,29.12819425597851,49.20948807640927
2025-04-26 20:00:00,29.743955968329566,53.879066660014196
2025-04-26 21:00:00,29.00128599533861,52.82009417443962
2025-04-26 22:00:00,29.179857836065548,53.831680690536984
2025-04-26 23:00:00,30.03232585527482,54.1647980708228
2025-04-27 00:00:00,31.223660872342794,59.10226550056231
2025-04-27 01:00:00,32.10834329035309,57.63212842464583
2025-04-27 02:00:00,32.497426356340775,53.69047508969198
2025-04-27 03:00:00,32.69785022145847,59.40804591167632
2025-04-27 04:00:00,33.8466027586727,54.82145200549103
2025-04-27 05:00:00,34.65634198425712,64.44272746433698
2025-04-27 06:00:00,35.08944678196719,61.22310351669304
2025-04-27 07:00:00,34.065262245679286,62.80755310697012
2025-04-27 08:00:00,33.881101162937306,75.92820703786096
2025-04-27 09:00:00,32.99338490578054,67.54184674460097
2025-04-27 10:00:00,33.08827187299892,73.7426581469344
2025-04-27 11:00:00,31.711137437253644,66.7798786869981
2025-04-27 12:00:00,32.071925459891695,73.98905023400181
2025-04-27 13:00:00,29.408272880443885,62.839433345204355
2025-04-27 14:00:00,29.825719471336768,62.16481609188611
2025-04-27 15:00:00,29.73298873709249,66.58109507795236
2025-04-27 16:00:00,29.162414611003424,62.18497711093526
2025-04-27 17:00:00,30.87007266161593,64.04178224852164
2025-04-27 18:00:00,28.893263228953064,61.57435426000414
2025-04-27 19:00:00,27.912402052957923,51.108504098775256
2025-04-27 20:00:00,28.938975600274162,57.11669647422806
2025-04-27 21:00:00,28.071105798965934,45.72572720175995
2025-04-27 22:00:00,30.04894340986133,55.15734011460165
2025-04-27 23:00:00,30.170521228390566,57.181648995065146
2025-04-28 00:00:00,32.315669383387764,53.74855061507336
2025-04-28 01:00:00,31.920182078570765,56.38592324972797
2025-04-28 02:00:00,32.98994443030344,54.158863985270614
2025-04-28 03:00:00,33.196231233375755,54.19956189351853
2025-04-28 04:00:00,35.57251445577562,60.80751466143614
2025-04-28 05:00:00,34.22414042891251,56.90139421689657
2025-04-28 06:00:00,36.049402797723,58.71769882105998
2025-04-28 07:00:00,35.13245605150145,59.786853011461744
2025-04-28 08:00:00,34.56708675616126,65.26317128144034
2025-04-28 09:00:00,33.999664024353294,64.36586378777795
2025-04-28 10:00:00,33.39839500151263,63.53312893742589
2025-04-28 11:00:00,30.817676234770712,64.5310247030865
2025-04-28 12:00:00,31.36025044761903,51.78540173775712
2025-04-28 13:00:00,31.48302640457953,62.85624403253198
2025-04-28 14:00:00,30.04423941616035,59.1824463916893
2025-04-28 15:00:00,28.337884941937133,50.965581517772485
2025-04-28 16:00:00,28.943357391124344,58.027223641431824
2025-04-28 17:00:00,30.048864097076823,60.51521135023288
2025-04-28 18:00:00,29.58087053536741,60.01448465773354
2025-04-28 19:00:00,28.635976476579604,38.58927346870844
2025-04-28 20:00:00,29.746440373232787,52.642760907382325
2025-04-28 21:00:00,29.168831203085553,45.29068605149948
2025-04-28 22:00:00,28.72025989347826,48.7561710485204
2025-04-28 23:00:00,30.067327237128428,51.34441036887802
2025-04-29 00:00:00,32.80254030532453,51.414481292726265
2025-04-29 01:00:00,32.109491960362085,54.778465385706404
2025-04-29 02:00:00,32.85752210701796,52.98706006989525
2025-04-29 03:00:00,33.43367907705771,48.966490800689414
2025-04-29 04:00:00,35.67361477352969,62.715732368936784
2025-04-29 05:00:00,35.750773901674826,57.02625813396597
2025-04-29 06:00:00,36.32725347727648,57.8255758708835
2025-04-29 07:00:00,34.32277060106514,55.57178947780708
2025-04-29 08:00:00,34.38680509286896,67.7129593431463
2025-04-29 09:00:00,32.46023559454098,63.256612837707465
2025-04-29 10:00:00,34.23377683141259,68.26499907066417
2025-04-29 11:00:00,31.39446278481119,57.49156491307417
2025-04-29 12:00:00,31.725649741528073,59.87901042345833
2025-04-29 13:00:00,29.897930133104133,58.46828302262284
2025-04-29 14:00:00,29.581135829127014,63.93970637040474
2025-04-29 15:00:00,28.76109900211857,56.42854058857215
2025-04-29 16:00:00,28.467852870624,59.4978019581081
2025-04-29 17:00:00,28.223153649131582,55.9173420747898
2025-04-29 18:00:00,28.11361425457791,54.153529745927536
2025-04-29 19:00:00,29.32111894107501,47.0378408215917
2025-04-29 20:00:00,28.070262844714637,45.0212139843997
2025-04-29 21:00:00,29.60734208856942,50.10415297630718
2025-04-29 22:00:00,31.026596612362418,54.971707704982016
2025-04-29 23:00:00,30.365215063599692,50.73642965753841
2025-04-30 00:00:00,30.94571370329606,54.263517702158175
2025-04-30 01:00:00,32.1120862510575,49.90738603901444
2025-04-30 02:00:00,33.96382898258271,54.89100064220679
2025-04-30 03:00:00,33.796655264216476,53.66107187296666
2025-04-30 04:00:00,33.69315359156138,56.591010237435036
2025-04-30 05:00:00,34.804927615711776,56.57199455274296
2025-04-30 06:00:00,33.63821509602501,57.7381059839476
2025-04-30 07:00:00,34.962913903115705,55.140239890710944
2025-04-30 08:00:00,34.445010873408876,67.13011249209981
2025-04-30 09:00:00,33.39512238254268,67.1717940216136
2025-04-30 10:00:00,32.34918017713636,57.032615993723624
2025-04-30 11:00:00,31.587161213374944,68.22178410606551
2025-04-30 12:00:00,31.94790268497087,61.65676917830794
2025-04-30 13:00:00,31.726776082577828,56.03307720761157
2025-04-30 14:00:00,29.510202618271105,58.59264640861834
2025-04-30 15:00:00,29.76543783517569,58.67811850723569
2025-04-30 16:00:00,27.25235098965917,53.808548642669024
2025-04-30 17:00:00,28.15457715250118,58.65181221328212
2025-04-30 18:00:00,28.49520166959742,58.53369791955652
2025-04-30 19:00:00,27.89452460344147,46.103772859266186
2025-04-30 20:00:00,28.17276750470915,47.061448410316416
2025-04-30 21:00:00,28.86450482715939,46.64303334057264
2025-04-30 22:00:00,30.25380299855524,54.78331794511958
2025-04-30 23:00:00,30.59372846586148,45.63112318347737
2025-05-01 00:00:00,29.696240288177307,48.87218754136684
2025-05-01 01:00:00,30.566722288036793,50.21517401203257
2025-05-01 02:00:00,32.501333132551544,55.942240856786555
2025-05-01 03:00:00,33.97429488723977,53.62216916475689
2025-05-01 04:00:00,31.886897612010415,47.16539789442914
2025-05-01 05:00:00,33.98481861278319,56.643142551304315
2025-05-01 06:00:00,34.065826989623346,57.16218005797784
2025-05-01 07:00:00,35.49527297627125,63.36028958563121
2025-05-01 08:00:00,33.77688403682031,61.98730512730131
2025-05-01 09:00:00,33.91453680618967,69.51024755129157
2025-05-01 10:00:00,33.09983098690726,71.68193886851442
2025-05-01 11:00:00,30.558829226299093,58.87259794477094
2025-05-01 12:00:00,32.10139104814267,58.90967722817714
2025-05-01 13:00:00,30.882685343894753,59.367910519890444
2025-05-01 14:00:00,30.39344018657696,59.75020723795267
2025-05-01 15:00:00,32.506495096426704,65.20305479858881
2025-05-01 16:00:00,27.2214587118851,52.224441491879034
2025-05-01 17:00:00,29.96880511577897,63.609444810844174
2025-05-01 18:00:00,28.256867259317,52.518764121746415
2025-05-01 19:00:00,28.818910919492488,41.656424198568075
2025-05-01 20:00:00,28.85233926724298,50.25434195389931
2025-05-01 21:00:00,29.02611586455921,40.423145462587975
2025-05-01 22:00:00,29.53095893224628,47.54333677142515
2025-05-01 23:00:00,30.97397512798813,60.10619861800277
2025-05-02 00:00:00,30.238829554862303,49.393762539872355
2025-05-02 01:00:00,32.82948898152462,50.73077721465557
2025-05-02 02:00:00,32.61961298829144,53.54311098756422
2025-05-02 03:00:00,32.66983338452701,53.65329772629002
2025-05-02 04:00:00,33.69063443715631,56.12509180794071
2025-05-02 05:00:00,35.35606536455691,60.62770660268131
2025-05-02 06:00:00,34.02430044258667,53.126407291552795
2025-05-02 07:00:00,34.63710888563455,62.409440159852565
2025-05-02 08:00:00,33.46587970298059,65.97392631848291
2025-05-02 09:00:00,34.18022633569819,68.70478954346214
2025-05-02 10:00:00,33.50097470323181,63.41730626655033
2025-05-02 11:00:00,33.70791271414434,69.53338929644642
2025-05-02 12:00:00,31.312117355800275,60.5906540140013
2025-05-02 13:00:00,31.21103522069841,62.01252093773773
2025-05-02 14:00:00,30.031022543830804,56.25652234733412
2025-05-02 15:00:00,30.36794559413042,56.67150719022837
2025-05-02 16:00:00,28.279426390759347,57.967583422725475
2025-05-02 17:00:00,29.150795283634267,56.14061101991952
2025-05-02 18:00:00,28.2968106753063,53.372789953038215
2025-05-02 19:00:00,28.503440491645645,44.37664285888107
2025-05-02 20:00:00,28.927894288405028,49.16706893428132
2025-05-02 21:00:00,29.53304048578135,46.2723592907956
2025-05-02 22:00:00,29.85958527770208,48.39428870505726
2025-05-02 23:00:00,30.847881923428506,50.5712707130326
2025-05-03 00:00:00,32.679783125049056,54.0715629670574
2025-05-03 01:00:00,32.98210556279905,55.954410796917735
2025-05-03 02:00:00,33.61261235299682,62.51153590313696
2025-05-03 03:00:00,33.174177401739854,58.50243123967364
2025-05-03 04:00:00,33.30397222776997,64.1173247438272
2025-05-03 05:00:00,35.07930660445671,67.04317320077371
2025-05-03 06:00:00,35.11812611302315,66.37013300250798
2025-05-03 07:00:00,35.49320269846729,70.34708021917892
2025-05-03 08:00:00,33.53218038957724,71.10865671800948
2025-05-03 09:00:00,33.35497009827068,72.98559195459875
2025-05-03 10:00:00,31.605701348978958,66.13705949837403
2025-05-03 11:00:00,31.879768929458173,75.74069381163088
2025-05-03 12:00:00,32.21454508746287,74.93708211474123
2025-05-03 13:00:00,30.267635240309186,65.51738473610992
2025-05-03 14:00:00,30.429672515159968,66.93316921700352
2025-05-03 15:00:00,29.14356585064142,67.53631132924897
2025-05-03 16:00:00,29.078458090223243,62.89980604795952
2025-05-03 17:00:00,27.60135808827957,58.71257234650411
2025-05-03 18:00:00,28.48545623870643,64.89579048269222
2025-05-03 19:00:00,26.126602423411526,48.26320210039176
2025-05-03 20:00:00,28.669695541116404,53.154435322945304
2025-05-03 21:00:00,27.991589740467553,48.8820475036377
2025-05-03 22:00:00,30.88208429223676,51.43473528093598
2025-05-03 23:00:00,31.262757425903356,57.981390596263346
2025-05-04 00:00:00,31.754333014985118,60.87268555145581
2025-05-04 01:00:00,33.37425834644732,60.396244776377046
2025-05-04 02:00:00,32.121863012752385,63.12864198163089
2025-05-04 03:00:00,34.90020713130435,61.7086238601012
2025-05-04 04:00:00,34.72482569217388,60.34057288101523
2025-05-04 05:00:00,34.0895294785043,62.15946213971935
2025-05-04 06:00:00,35.28949234715861,64.27330849883163
2025-05-04 07:00:00,33.39373889835015,63.41863621103594
2025-05-04 08:00:00,33.31946111154343,68.65014152858622
2025-05-04 09:00:00,33.01544479438014,74.53208334032894
2025-05-04 10:00:00,32.45781406296104,75.32481620085464
2025-05-04 11:00:00,31.312207250511612,67.24454097001589
2025-05-04 12:00:00,32.359462683088516,72.99616409011229
2025-05-04 13:00:00,30.397455573808827,62.54592882098011
2025-05-04 14:00:00,30.16300020409776,68.51906499092172
2025-05-04 15:00:00,28.80339479272167,65.9879398525774
2025-05-04 16:00:00,27.326437377620124,62.77789912028586
2025-05-04 17:00:00,28.699264637258185,62.61198708045385
2025-05-04 18:00:00,26.851192249076433,50.469399224611486
2025-05-04 19:00:00,28.428311513676675,50.24577929366163
2025-05-04 20:00:00,27.688267986992688,48.96113432353303
2025-05-04 21:00:00,30.84949668523726,53.59432921924563
2025-05-04 22:00:00,30.610086407152032,56.46488454651486
2025-05-04 23:00:00,30.689142127121876,54.98356549225567
2025-05-05 00:00:00,32.35466725979828,50.76456503834185
2025-05-05 01:00:00,31.443106271009523,48.42119084307368
2025-05-05 02:00:00,33.278485420610615,52.75473480064342
2025-05-05 03:00:00,33.62487060820916,58.88926473032627
2025-05-05 04:00:00,34.1529941940948,54.492314385488164
2025-05-05 05:00:00,35.259362196627166,56.92203583462908
2025-05-05 06:00:00,34.929695599898395,56.50335923474737
2025-05-05 07:00:00,34.472458326801764,58.06740552967144
2025-05-05 08:00:00,32.61786818004523,65.080911189667
2025-05-05 09:00:00,32.69698522501062,54.72060378728963
2025-05-05 10:00:00,32.74553477079797,67.00686822891917
2025-05-05 11:00:00,32.194856952403434,67.25984661705743
2025-05-05 12:00:00,30.43953893793541,56.640610476198724
2025-05-05 13:00:00,32.49658612282972,60.57696028688899
2025-05-05 14:00:00,31.056817161877404,59.55151072804452
2025-05-05 15:00:00,29.704076230428893,56.199325156402196
2025-05-05 16:00:00,28.80325519534823,57.517639973466636
2025-05-05 17:00:00,28.27615726288642,50.05750721411897
2025-05-05 18:00:00,27.582167149656758,51.294118045271944
2025-05-05 19:00:00,28.507908853622432,50.931827537045095
2025-05-05 20:00:00,28.951827738435433,44.328630027139724
2025-05-05 21:00:00,28.228973113729605,49.54243643902207
2025-05-05 22:00:00,30.111043051470464,50.26589207941724
2025-05-05 23:00:00,30.443037543307184,44.36966443418815
2025-05-06 00:00:00,29.779170748593724,50.50849493311732
2025-05-06 01:00:00,31.3935659215796,51.15541675226472
2025-05-06 02:00:00,32.47453236815832,52.08775709393576
2025-05-06 03:00:00,34.93688726432743,58.62126835530539
2025-05-06 04:00:00,34.34873550587596,58.251624367277095
2025-05-06 05:00:00,33.13480901848293,56.76543169919314
2025-05-06 06:00:00,34.69424582642974,60.98440103021755
2025-05-06 07:00:00,32.96535108261215,55.56203968703694
2025-05-06 08:00:00,34.76964584935861,63.458460262486426
2025-05-06 09:00:00,33.04983741700098,63.068770977648185
2025-05-06 10:00:00,32.7305078439043,72.74405912483361
2025-05-06 11:00:00,33.14251124823696,66.8299934279717
2025-05-06 12:00:00,30.27568594002824,66.60409659448533
2025-05-06 13:00:00,29.41126511149768,62.12657944729338
2025-05-06 14:00:00,29.338537333818834,58.534773415541146
2025-05-06 15:00:00,30.01479953215145,59.93086036721596
2025-05-06 16:00:00,27.491863723160847,54.37561458205899
2025-05-06 17:00:00,26.14191483753998,46.84203286003246
2025-05-06 18:00:00,27.94448970816844,55.35422323210786
2025-05-06 19:00:00,28.84903195595717,50.5602811783495
2025-05-06 20:00:00,29.667549983333387,46.60266998553649
2025-05-06 21:00:00,28.813567361667676,48.10028024818725
2025-05-06 22:00:00,29.476275509202836,50.61206905424469
2025-05-06 23:00:00,31.452080246992672,48.884703126649384
2025-05-07 00:00:00,29.770358846027328,47.2327373298182
2025-05-07 01:00:00,31.73179272094482,49.0634924262692
2025-05-07 02:00:00,32.918491317723706,51.78678755183445
2025-05-07 03:00:00,33.74684752637133,51.88150969650921
2025-05-07 04:00:00,33.45638306258428,52.52014412851762
2025-05-07 05:00:00,34.19148249401554,60.80303553162149
2025-05-07 06:00:00,32.275490323053276,50.34945149422502
2025-05-07 07:00:00,33.63733095478379,55.92657337579289
2025-05-07 08:00:00,34.22703538718056,65.10005743591213
2025-05-07 09:00:00,32.60163732193956,67.21954499060203
2025-05-07 10:00:00,32.81333958305534,67.99749813931047
2025-05-07 11:00:00,32.40010734173339,65.91240316153694
2025-05-07 12:00:00,30.992112845097452,61.70420678048368
2025-05-07 13:00:00,30.626066087273358,59.43374034656935
2025-05-07 14:00:00,28.995966153555976,53.61711496382701
2025-05-07 15:00:00,28.979542838467186,62.99376375260753
2025-05-07 16:00:00,29.15624893010173,55.20222902092545
2025-05-07 17:00:00,28.493953095691207,58.28005461334269
2025-05-07 18:00:00,27.796927190132518,58.21316566010872
2025-05-07 19:00:00,28.547747850349094,44.72010463991238
2025-05-07 20:00:00,29.239763826939644,50.74561247043924
2025-05-07 21:00:00,27.504878839362043,46.80142152086824
2025-05-07 22:00:00,30.693411457748383,55.43203213009238
2025-05-07 23:00:00,30.220691279531245,47.98920490387611
2025-05-08 00:00:00,31.566311731875963,47.961769065537595
2025-05-08 01:00:00,32.96017445950752,52.811844760780005
2025-05-08 02:00:00,31.628580827499405,52.558006117101925
2025-05-08 03:00:00,32.77968732690139,54.17807536967767
2025-05-08 04:00:00,33.59315703993653,54.2873689830621
2025-05-08 05:00:00,33.49669444725144,49.566457628120865
2025-05-08 06:00:00,35.61386904595322,60.51641327110312
2025-05-08 07:00:00,33.43827958908955,61.10593669760779
2025-05-08 08:00:00,33.3795585730476,66.47595914585469
2025-05-08 09:00:00,33.51075135412581,67.146758994587
2025-05-08 10:00:00,31.764200164422906,63.892896214426536
2025-05-08 11:00:00,31.685832351186335,63.225638241782605
2025-05-08 12:00:00,31.47988239428392,64.45878621031534
2025-05-08 13:00:00,30.183174326470205,60.515834831203364
2025-05-08 14:00:00,29.65121029816382,57.434147027735044
2025-05-08 15:00:00,28.68113375176544,54.238074023151526
2025-05-08 16:00:00,27.41626732658585,53.60236022201251
2025-05-08 17:00:00,28.585416875487965,57.396138865230334
2025-05-08 18:00:00,29.629866242601572,57.38551035331391
2025-05-08 19:00:00,28.342863611043324,46.96017054927228
2025-05-08 20:00:00,28.8080548677285,48.171949163012556
2025-05-08 21:00:00,29.658777645817626,50.88533805628227
2025-05-08 22:00:00,28.71045538804642,50.5272046050005
2025-05-08 23:00:00,31.8114743764799,52.49467613310039
2025-05-09 00:00:00,31.346594492268707,47.500540390640694
2025-05-09 01:00:00,33.266674109709314,53.8447011070192
2025-05-09 02:00:00,32.09830505871127,52.90913680790008
2025-05-09 03:00:00,34.76050133673637,52.061596137594194
2025-05-09 04:00:00,34.4029320617116,61.09127127138833
2025-05-09 05:00:00,34.52494100267956,57.57202754235461
2025-05-09 06:00:00,34.37195101861298,58.01357033724422
2025-05-09 07:00:00,33.88368603953811,60.0872142587474
2025-05-09 08:00:00,34.74323299326287,65.64739089744613
2025-05-09 09:00:00,33.418339694568544,66.87513724287547
2025-05-09 10:00:00,31.111075692260737,60.67034387676352
2025-05-09 11:00:00,31.067439421072425,60.36913035688261
2025-05-09 12:00:00,31.036054853376267,58.54832157266414
2025-05-09 13:00:00,30.656273506355344,65.1781019524992
2025-05-09 14:00:00,29.639460664010546,57.22452907499227
2025-05-09 15:00:00,30.038587743405753,61.16785067881746
2025-05-09 16:00:00,27.025773752546247,48.021370592167436
2025-05-09 17:00:00,28.401824325467388,59.663249374910656
2025-05-09 18:00:00,26.73034807482074,56.2712600025485
2025-05-09 19:00:00,28.894723812650593,47.30280519366298
2025-05-09 20:00:00,28.511088272223546,45.63913149158861
2025-05-09 21:00:00,29.399099089190116,49.1183783773829
2025-05-09 22:00:00,28.99362508665865,54.054897138626444
2025-05-09 23:00:00,31.4318462651491,46.287613180557926
2025-05-10 00:00:00,31.97597915156194,60.902844635533874
2025-05-10 01:00:00,32.38589199803193,56.559753689995766
2025-05-10 02:00:00,32.53898562282411,59.5104189321842
2025-05-10 03:00:00,33.72780559211061,60.96640970856311
2025-05-10 04:00:00,33.175161577278296,59.430336065707664
2025-05-10 05:00:00,34.724821426398634,63.47328318035936
2025-05-10 06:00:00,35.462184135773995,61.42941800855982
2025-05-10 07:00:00,34.896865347165416,66.90189893328166
2025-05-10 08:00:00,33.15699365582225,65.30015804688423
2025-05-10 09:00:00,33.55305361769299,73.01479005033241
2025-05-10 10:00:00,31.60808618530794,66.91494757595058
2025-05-10 11:00:00,32.376968804562964,65.76576916679097
2025-05-10 12:00:00,31.50308215060489,68.31269798288488
2025-05-10 13:00:00,28.870289213381565,58.29566732396738
2025-05-10 14:00:00,28.71317234518497,62.80285168649185
2025-05-10 15:00:00,28.794767959360204,58.5619516034137
2025-05-10 16:00:00,28.303835411248883,63.330719993201484
2025-05-10 17:00:00,27.27724039311261,57.32596070671157
2025-05-10 18:00:00,28.453782403796605,60.863826275745964
2025-05-10 19:00:00,28.446000828600063,53.084649655309605
2025-05-10 20:00:00,28.38910790337873,49.78276789055501
2025-05-10 21:00:00,28.416645876628525,51.97607057892644
2025-05-10 22:00:00,30.48156512144811,51.32532571487204
2025-05-10 23:00:00,31.690467975477933,59.935469166648744
2025-05-11 00:00:00,30.712686978390934,61.57757797775599
2025-05-11 01:00:00,31.386259767051868,65.87189418442325
2025-05-11 02:00:00,32.992502297797756,60.660008576035274
2025-05-11 03:00:00,32.93443300523022,62.64659183180595
2025-05-11 04:00:00,33.58609461629089,56.11309329060114
2025-05-11 05:00:00,34.5890361657151,67.76846807720395
2025-05-11 06:00:00,32.57205129546233,61.95837784600452
2025-05-11 07:00:00,35.0519555042175,62.64171957273781
2025-05-11 08:00:00,33.755756796284956,75.47190463417995
2025-05-11 09:00:00,32.89166199337806,69.44156335814448
2025-05-11 10:00:00,32.528148842091,68.17659236672013
2025-05-11 11:00:00,31.84593678479214,69.74869098890832
2025-05-11 12:00:00,29.714575122712223,61.296171721391055
2025-05-11 13:00:00,31.519029612123187,70.79912759502159
2025-05-11 14:00:00,29.632596671284656,61.170704572531854
2025-05-11 15:00:00,29.33261752626642,60.64854717781
2025-05-11 16:00:00,29.26269977057408,60.94379022180834
2025-05-11 17:00:00,27.38482872055272,62.57119180954326
2025-05-11 18:00:00,28.478313684696346,60.4106385478943
2025-05-11 19:00:00,27.987645813881922,47.333775111885956
2025-05-11 20:00:00,29.17887657428804,51.70493783391108
2025-05-11 21:00:00,27.276433885627323,50.00145388208772
2025-05-11 22:00:00,29.520260725275147,50.59355185450211
2025-05-11 23:00:00,29.84082250553343,51.25843718285715
2025-05-12 00:00:00,31.401364811669495,57.85634566330385
2025-05-12 01:00:00,32.2080469363643,50.39278827401407
2025-05-12 02:00:00,31.989453735304544,51.61188961722916
2025-05-12 03:00:00,32.607135703380976,52.5911332636879
2025-05-12 04:00:00,33.56509836766962,54.153106638493995
2025-05-12 05:00:00,33.23601814817721,56.688872886626285
2025-05-12 06:00:00,34.72914140752387,60.35688338495911
2025-05-12 07:00:00,33.65796616967142,54.66647581081378
2025-05-12 08:00:00,31.32804008705817,57.681037296927656
2025-05-12 09:00:00,32.87701714942437,68.00195155251058
2025-05-12 10:00:00,31.72471939448699,61.818471636486535
2025-05-12 11:00:00,30.526990934100976,65.13954912595327
2025-05-12 12:00:00,30.065613140584112,52.381345960355915
2025-05-12 13:00:00,30.366624093320983,60.24613303182773
2025-05-12 14:00:00,30.618467113760754,65.86905980639798
2025-05-12 15:00:00,29.18478168669451,56.472814629735645
2025-05-12 16:00:00,27.972275529236263,54.67361568262137
2025-05-12 17:00:00,28.522500328431526,57.22703566594777
2025-05-12 18:00:00,27.688282202986976,53.162520508721684
2025-05-12 19:00:00,27.60209667696445,43.74755822237781
2025-05-12 20:00:00,27.533988105222466,43.54773330682623
2025-05-12 21:00:00,27.532771062201153,42.67672570868296
2025-05-12 22:00:00,29.243615485914614,51.325077525247984
2025-05-12 23:00:00,30.405540107790713,51.113206290912586
2025-05-13 00:00:00,30.933368374116124,51.43194776971893
2025-05-13 01:00:00,31.45435090307771,54.04354464621023
2025-05-13 02:00:00,31.75407046157061,51.364259331216694
2025-05-13 03:00:00,33.61858460703566,53.190840837605485
2025-05-13 04:00:00,32.55503798552408,51.79119546009967
2025-05-13 05:00:00,34.52926712007002,57.158029939439864
2025-05-13 06:00:00,33.208893694986656,51.598373525857276
2025-05-13 07:00:00,33.30649659911281,53.45091082864304
2025-05-13 08:00:00,32.43531536898881,61.835217738565554
2025-05-13 09:00:00,32.73086593617917,70.28922737460955
2025-05-13 10:00:00,33.29091727691042,56.602206278637006
2025-05-13 11:00:00,32.199626916190766,62.420469284926476
2025-05-13 12:00:00,31.793404999750464,67.40521037799515
2025-05-13 13:00:00,30.65192421156762,60.53899697321908
2025-05-13 14:00:00,28.627731447303738,58.79016902541001
2025-05-13 15:00:00,28.624715587106348,56.82396700209073
2025-05-13 16:00:00,27.788431795480747,53.0171770882159
2025-05-13 17:00:00,29.177349754492063,50.793481754558975
2025-05-13 18:00:00,27.053236392986985,54.312192568485486
2025-05-13 19:00:00,28.82784798277212,44.56330655518264
2025-05-13 20:00:00,29.126954194861735,45.027511332255216
2025-05-13 21:00:00,30.353043127941262,48.13851586235694
2025-05-13 22:00:00,29.182918036024436,52.76383668471446
2025-05-13 23:00:00,30.8040679024846,57.6618348512342
2025-05-14 00:00:00,32.79020951262545,54.674000935311014
2025-05-14 01:00:00,31.247231837154988,49.85071563514379
2025-05-14 02:00:00,31.236855845368495,47.694661269309655
2025-05-14 03:00:00,31.582200359827816,53.25358113232828
2025-05-14 04:00:00,34.13313387783676,61.78835778030161
2025-05-14 05:00:00,32.35614535581472,52.49904047939102
2025-05-14 06:00:00,33.667032801044044,48.46367091961961
2025-05-14 07:00:00,34.21251607189276,58.592677944853534
2025-05-14 08:00:00,33.71110468421163,68.63618756593107
2025-05-14 09:00:00,33.42656427830136,60.41027877978491
2025-05-14 10:00:00,32.64271992803506,64.28634842145198
2025-05-14 11:00:00,32.76443782935266,65.32966614124308
2025-05-14 12:00:00,30.203034938803345,59.14614098381921
2025-05-14 13:00:00,29.646834797319993,55.99198987791993
2025-05-14 14:00:00,28.846760487177722,59.97198054761057
2025-05-14 15:00:00,29.507721149324826,56.90375883087864
2025-05-14 16:00:00,29.087130702757115,52.90127677686301
2025-05-14 17:00:00,28.428090819981982,50.022140018958524
2025-05-14 18:00:00,28.911682976906324,60.82357791842931
2025-05-14 19:00:00,27.124677870626073,45.67441209654029
2025-05-14 20:00:00,29.700591121281974,48.72498465969506
2025-05-14 21:00:00,30.062158597204547,47.79106156441577
2025-05-14 22:00:00,30.053385641190978,47.50909891153438
2025-05-14 23:00:00,31.613870035103666,48.67775611786176
2025-05-15 00:00:00,29.59293165020373,46.97291003668706
2025-05-15 01:00:00,31.27512884264339,44.93497027139758
2025-05-15 02:00:00,31.829987447800384,50.08578644563515
2025-05-15 03:00:00,33.616734018911465,54.57730868498736
2025-05-15 04:00:00,32.676193836017546,55.64678904640284
2025-05-15 05:00:00,34.422003814683144,56.839827476309566
2025-05-15 06:00:00,35.01465913154332,60.41115577840465
2025-05-15 07:00:00,34.37217001528036,60.91731134284494
2025-05-15 08:00:00,33.74330724662846,68.91246332540354
2025-05-15 09:00:00,32.24925188718499,64.46018293906866
2025-05-15 10:00:00,31.740749443445655,62.168937035744534
2025-05-15 11:00:00,32.69438247589085,60.907524431362845
2025-05-15 12:00:00,31.541709419470216,63.994909109184334
2025-05-15 13:00:00,30.110557465536353,64.23824558463002
2025-05-15 14:00:00,29.083902579733238,58.37734276247108
2025-05-15 15:00:00,27.176263574297206,59.669051879013345
2025-05-15 16:00:00,27.463472070045082,49.857534601897896
2025-05-15 17:00:00,29.549588007190525,54.726768258604324
2025-05-15 18:00:00,26.893865759543978,55.97456289042395
2025-05-15 19:00:00,28.17203659445561,46.50253650047985
2025-05-15 20:00:00,29.12610918354879,51.36834306010325
2025-05-15 21:00:00,27.792971738384473,44.98093420691183
2025-05-15 22:00:00,29.565998596170818,45.614871205522476
2025-05-15 23:00:00,30.89210551104691,49.96501019326931
2025-05-16 00:00:00,30.88070711222965,45.98722088924217
2025-05-16 01:00:00,33.94188723454483,52.70962500288959
2025-05-16 02:00:00,31.035828247601295,53.781822839436366
2025-05-16 03:00:00,33.8390108221706,58.52858172331592
2025-05-16 04:00:00,33.330542476139996,56.08398931147022
2025-05-16 05:00:00,34.3860212574404,51.73160570051131
2025-05-16 06:00:00,34.22375337606324,55.52754535037517
2025-05-16 07:00:00,33.181960175883056,51.05252865060935
2025-05-16 08:00:00,33.65198098002464,69.10316552540765
2025-05-16 09:00:00,31.505706837144864,59.95910590617296
2025-05-16 10:00:00,32.853305655160966,60.87870704694509
2025-05-16 11:00:00,31.885691562803835,62.48363330841118
2025-05-16 12:00:00,31.381635789618333,59.56648105080916
2025-05-16 13:00:00,30.940745179466006,65.14457305364994
2025-05-16 14:00:00,29.66480352687162,56.192213655766345
2025-05-16 15:00:00,28.867858846982827,52.764461146895194
2025-05-16 16:00:00,27.5677767740215,48.16325764596615
2025-05-16 17:00:00,27.403153564917403,54.23331690961108
2025-05-16 18:00:00,28.820095350845715,55.19038128994851
2025-05-16 19:00:00,29.12199850040143,43.13288348118739
2025-05-16 20:00:00,28.08214309430089,49.11553695350896
2025-05-16 21:00:00,28.786189508946826,48.81687655839201
2025-05-16 22:00:00,28.647016154708837,46.479975441664216
2025-05-16 23:00:00,31.032455995610242,54.951399524611034
2025-05-17 00:00:00,31.354667899382136,59.42601031908369
2025-05-17 01:00:00,33.151765524907276,58.2046102402778
2025-05-17 02:00:00,31.61967597868492,54.79775626966055
2025-05-17 03:00:00,32.64124846477378,62.20819186995439
2025-05-17 04:00:00,33.60556738980249,62.67912217104653
2025-05-17 05:00:00,34.237303549476536,63.13638969296976
2025-05-17 06:00:00,33.649800330390605,59.030147186096364
2025-05-17 07:00:00,33.021743046932954,62.26298018549658
2025-05-17 08:00:00,34.12553667492089,70.15946936545575
2025-05-17 09:00:00,33.52056307402482,71.03105356946364
2025-05-17 10:00:00,31.589315159977733,72.20159972712085
2025-05-17 11:00:00,32.68314581662067,67.84715976248677
2025-05-17 12:00:00,31.758493407785995,63.4463203627962
2025-05-17 13:00:00,30.153314502919383,62.11832452964457
2025-05-17 14:00:00,29.38601273032954,66.87771939465604
2025-05-17 15:00:00,29.144260313761794,64.22386197691186
2025-05-17 16:00:00,27.53489577287039,60.17618025510044
2025-05-17 17:00:00,27.94858214489277,59.78016644487228
2025-05-17 18:00:00,26.100427604741366,59.43684941119403
2025-05-17 19:00:00,28.625721477963854,49.97898410736427
2025-05-17 20:00:00,26.975063651121907,50.47211127794722
2025-05-17 21:00:00,29.90374995961227,52.632986220863216
2025-05-17 22:00:00,29.05823836525555,50.61185090163483
2025-05-17 23:00:00,29.87654371957621,52.86531639076214
2025-05-18 00:00:00,30.270937782680306,54.36146566937266
2025-05-18 01:00:00,31.319150943717812,57.227982190890955
2025-05-18 02:00:00,33.40794998366634,61.84067735593276
2025-05-18 03:00:00,30.90419832587949,45.562461112297754
2025-05-18 04:00:00,34.39277342777178,60.48404049674891
2025-05-18 05:00:00,33.94132117129648,60.919668176265546
2025-05-18 06:00:00,32.80750758926214,64.56869977649684
2025-05-18 07:00:00,32.81065247197572,56.8191666244099
2025-05-18 08:00:00,34.71231554066779,73.97055782750176
2025-05-18 09:00:00,32.13803974715337,73.33356247408358
2025-05-18 10:00:00,31.35044449907114,63.49189450848623
2025-05-18 11:00:00,32.45943367674726,70.60890629573828
2025-05-18 12:00:00,31.043967208576642,64.4723254736344
2025-05-18 13:00:00,29.24632731101123,62.12948793295251
2025-05-18 14:00:00,29.446424887871604,61.59423229630895
2025-05-18 15:00:00,27.831202417076046,58.90059242548923
2025-05-18 16:00:00,29.05570581493268,71.4660069105983
2025-05-18 17:00:00,28.72444420057921,65.23736717725758
2025-05-18 18:00:00,28.198729866605465,65.06292734524847
2025-05-18 19:00:00,28.164676277678318,53.17239776033046
2025-05-18 20:00:00,29.58399919608849,49.432428187753416
2025-05-18 21:00:00,28.65155362589885,53.75767043758785
2025-05-18 22:00:00,28.327625607211267,55.208514936502326
2025-05-18 23:00:00,30.356246902506193,53.08104600239382
2025-05-19 00:00:00,32.39193127753776,56.201456301051344
2025-05-19 01:00:00,30.687743178666945,52.35094635116274
2025-05-19 02:00:00,31.933923424552876,58.03718229863619
2025-05-19 03:00:00,33.177570811948875,53.46627842396712
2025-05-19 04:00:00,33.27804597005679,51.60764979927504
2025-05-19 05:00:00,32.83502825247342,53.01816652633452
2025-05-19 06:00:00,34.62057992289244,61.623756840697254
2025-05-19 07:00:00,35.47690369438908,53.373209007374456
2025-05-19 08:00:00,33.47807501648051,59.05540788337183
2025-05-19 09:00:00,32.12115934967891,63.086272666216885
2025-05-19 10:00:00,30.983925217865284,59.44329751383504
2025-05-19 11:00:00,31.70593155819257,62.09386048427368
2025-05-19 12:00:00,31.606195512561072,64.72708723631753
2025-05-19 13:00:00,30.326770699796807,57.93047922127769
2025-05-19 14:00:00,29.221170565172983,51.97908952451951
2025-05-19 15:00:00,28.130355972916977,61.76808542285039
2025-05-19 16:00:00,27.251286520380276,51.06063087436817
2025-05-19 17:00:00,28.493117220100764,53.110499630145085
2025-05-19 18:00:00,28.454110935016534,59.52855972419755
2025-05-19 19:00:00,26.588732329688273,41.70625083031434
2025-05-19 20:00:00,29.396888609099296,47.724229940274306
2025-05-19 21:00:00,29.061030271063622,48.758224860095474
2025-05-19 22:00:00,30.3427693540247,52.86773414657445
2025-05-19 23:00:00,28.87293430381241,45.97089966731702
2025-05-20 00:00:00,29.579596132521782,52.8031290562821
2025-05-20 01:00:00,31.32953714434786,44.985767313621736
2025-05-20 02:00:00,32.574482998370286,55.913431107925746
2025-05-20 03:00:00,34.23066445875535,54.09661335170666
2025-05-20 04:00:00,33.835194799259554,60.02016458849117
2025-05-20 05:00:00,33.375887914271715,55.502731682180716
2025-05-20 06:00:00,32.851160090721415,52.11337216727034
2025-05-20 07:00:00,34.55403339389667,59.185783388078896
2025-05-20 08:00:00,32.49856732760688,66.17698623131413
2025-05-20 09:00:00,34.096350644231634,68.29911352819286
2025-05-20 10:00:00,31.944747737168925,59.41145720800488
2025-05-20 11:00:00,32.72117825025598,62.44606947959451
2025-05-20 12:00:00,31.215400488901558,61.175502368658506
2025-05-20 13:00:00,29.786201929992604,58.491384516036504
2025-05-20 14:00:00,28.756738359393232,59.01136547322286
2025-05-20 15:00:00,28.278208811417628,49.85607216303191
2025-05-20 16:00:00,28.41683259940101,57.15327984258232
2025-05-20 17:00:00,27.836203174961103,54.23522165162006
2025-05-20 18:00:00,27.19720633039917,51.43946954556665
2025-05-20 19:00:00,27.641972849732824,42.528090796210286
2025-05-20 20:00:00,28.137040869276138,45.00306057114315
2025-05-20 21:00:00,26.847947837762643,32.5230507945942
2025-05-20 22:00:00,29.538789948685093,46.065953195258516
2025-05-20 23:00:00,29.112021341773126,44.77419394125275
2025-05-21 00:00:00,29.697959506271744,50.05467673925701
2025-05-21 01:00:00,30.047207086455337,46.66839270808805
2025-05-21 02:00:00,30.68551143054203,49.588579174464186
2025-05-21 03:00:00,31.657587769906154,56.610487868814985
2025-05-21 04:00:00,32.65148487408526,56.75572733279975
2025-05-21 05:00:00,35.0810102177248,60.852632591735
2025-05-21 06:00:00,33.19992168812018,53.260241747383766
2025-05-21 07:00:00,33.66060299271797,57.2181822247613
2025-05-21 08:00:00,33.53908674939472,64.66866274754972
2025-05-21 09:00:00,32.84679792136867,63.5359566264328
2025-05-21 10:00:00,32.058670660255544,63.93466321969963
2025-05-21 11:00:00,30.440847553264508,58.00254483061332
2025-05-21 12:00:00,31.78136746745971,66.68547075475709
2025-05-21 13:00:00,31.289925608439088,60.84147567639655
2025-05-21 14:00:00,27.77449847353819,56.84917895114774
2025-05-21 15:00:00,27.680082212567594,59.190949420393565
2025-05-21 16:00:00,27.79870094358142,58.13262302217208
2025-05-21 17:00:00,26.951217714040983,49.28543457720219
2025-05-21 18:00:00,28.025397871601033,56.78040385391151
2025-05-21 19:00:00,27.140230188043844,46.404572521860864
2025-05-21 20:00:00,29.754594071728306,51.233858395593195
2025-05-21 21:00:00,29.451743960751575,44.673254627008944
2025-05-21 22:00:00,29.29068465334211,45.75212666496383
2025-05-21 23:00:00,30.665757304184563,53.18203785475708
2025-05-22 00:00:00,31.452939192432105,49.33000943432985
2025-05-22 01:00:00,30.893517997807223,49.70924422606006
2025-05-22 02:00:00,31.41524505731268,56.27506853166874
2025-05-22 03:00:00,32.75205364688161,53.810298813232535
2025-05-22 04:00:00,33.85560396389793,53.75976472151474
2025-05-22 05:00:00,33.57724465073619,52.80618830073642
2025-05-22 06:00:00,32.30662166719346,54.1500769897038
2025-05-22 07:00:00,32.82373677665279,50.08328217254339
2025-05-22 08:00:00,33.107116773424075,63.850802300474086
2025-05-22 09:00:00,32.629006713045236,64.7319036884515
2025-05-22 10:00:00,33.6462525943781,69.46070413152358
2025-05-22 11:00:00,30.235885634334622,61.42723838291231
2025-05-22 12:00:00,30.972690246414956,58.60864708960039
2025-05-22 13:00:00,30.983052204301323,64.30475192043355
2025-05-22 14:00:00,30.885378649284494,59.695136456069655
2025-05-22 15:00:00,28.123380570839444,51.91497596136277
2025-05-22 16:00:00,28.3632862037691,55.53779108898796
2025-05-22 17:00:00,28.126249659837967,59.941756991145446
2025-05-22 18:00:00,27.72460423818889,55.40000777893478
2025-05-22 19:00:00,27.591365213087606,44.70202297654705
2025-05-22 20:00:00,28.318922953192978,50.885696249855926
2025-05-22 21:00:00,26.421101641210864,38.26391841301628
2025-05-22 22:00:00,29.613874444996362,44.44817665883514
2025-05-22 23:00:00,29.892704040568265,43.95932786012238
2025-05-23 00:00:00,30.337071340960726,50.724672973169476
2025-05-23 01:00:00,32.928998150266544,54.77167605182515
2025-05-23 02:00:00,31.475104043350896,56.283396379870936
2025-05-23 03:00:00,32.313910810690956,53.89546469065403
2025-05-23 04:00:00,34.70637011150044,56.258994722262884
2025-05-23 05:00:00,32.747179693370654,53.9503080667015
2025-05-23 06:00:00,33.07495903203411,54.88804851304427
2025-05-23 07:00:00,33.295208398505864,49.91609129732605
2025-05-23 08:00:00,33.78571505544029,73.9452820327972
2025-05-23 09:00:00,32.802613607825634,65.60431754839188
2025-05-23 10:00:00,30.98095098066153,61.39573668925852
2025-05-23 11:00:00,30.86577354318915,62.40388433057621
2025-05-23 12:00:00,30.029167711813567,61.18073482302423
2025-05-23 13:00:00,29.67681728689734,57.996610659907915
2025-05-23 14:00:00,29.3557261852872,55.946583724794856
2025-05-23 15:00:00,28.728295519534072,58.50928399412644
2025-05-23 16:00:00,26.4961656437913,53.8502306804187
2025-05-23 17:00:00,28.468426569564816,53.81349752794844
2025-05-23 18:00:00,27.717106335180635,59.14789823742693
2025-05-23 19:00:00,28.724899417591256,47.584875060633216
2025-05-23 20:00:00,28.272333708862558,48.0796587627555
2025-05-23 21:00:00,29.274789281012307,51.87038336886191
2025-05-23 22:00:00,29.38828750754344,47.96458397707269
2025-05-23 23:00:00,30.815574728037973,51.41889053142069
2025-05-24 00:00:00,30.878938908667536,59.012171751119915
2025-05-24 01:00:00,31.15926333800655,54.91209075701163
2025-05-24 02:00:00,33.77908617621082,61.96451010571748
2025-05-24 03:00:00,33.29368844123687,61.30528495417981
2025-05-24 04:00:00,33.518210148010155,58.4646026113681
2025-05-24 05:00:00,32.33787234548985,66.16108058790337
2025-05-24 06:00:00,32.43049230588248,55.15300582011126
2025-05-24 07:00:00,33.593088264434,57.57324716491973
2025-05-24 08:00:00,33.17563156942122,74.65881655206894
2025-05-24 09:00:00,32.0911606914063,70.90388799692097
2025-05-24 10:00:00,32.07392455954296,65.65516975473498
2025-05-24 11:00:00,32.50849707759575,71.33716178497743
2025-05-24 12:00:00,31.01746037949355,71.23498001808032
2025-05-24 13:00:00,28.771874456743557,62.69858484934745
2025-05-24 14:00:00,28.871931338138957,70.76594510887386
2025-05-24 15:00:00,27.69584487161162,55.68033533629681
2025-05-24 16:00:00,27.552902255373148,62.67669442124897
2025-05-24 17:00:00,27.232468388482392,63.518028107931315
2025-05-24 18:00:00,27.079021933770107,62.416271185601936
2025-05-24 19:00:00,26.55925262340739,48.193587542196354
2025-05-24 20:00:00,27.760938443285443,50.09836475188035
2025-05-24 21:00:00,27.89133194681582,52.53683301753025
2025-05-24 22:00:00,26.617579447851497,51.358906466088904
2025-05-24 23:00:00,31.32705888414708,59.19612630031183
2025-05-25 00:00:00,31.277511976273026,60.41969522967162
2025-05-25 01:00:00,30.881912808267256,53.530833183680855
2025-05-25 02:00:00,31.921551492692167,57.775479749475
2025-05-25 03:00:00,31.59049311860528,55.04283981711824
2025-05-25 04:00:00,34.361150766501694,61.69173305144463
2025-05-25 05:00:00,34.82210468758539,66.72545111309661
2025-05-25 06:00:00,33.53185123549691,61.68128398607013
2025-05-25 07:00:00,34.12309824711517,70.24215433425663
2025-05-25 08:00:00,33.14480188740014,71.24086249888941
2025-05-25 09:00:00,31.458436245358588,67.80426088338466
2025-05-25 10:00:00,31.577037557728765,68.15721636223242
2025-05-25 11:00:00,31.28849576162482,65.40586629234487
2025-05-25 12:00:00,30.042858077904935,64.9036347030961
2025-05-25 13:00:00,29.4551164956441,67.40257377349431
2025-05-25 14:00:00,28.833376606892397,63.24198989678963
2025-05-25 15:00:00,28.220473111047678,59.41647241023541
2025-05-25 16:00:00,27.85022683394436,58.35515443966394
2025-05-25 17:00:00,26.660234720915202,57.63781682264983
2025-05-25 18:00:00,26.83288333359734,59.52078030370785
2025-05-25 19:00:00,26.48105136147251,52.2466520570793
2025-05-25 20:00:00,28.590672481295332,48.441744542232286
2025-05-25 21:00:00,26.600658355867786,47.92170620689575
2025-05-25 22:00:00,29.82936852755323,55.12579340790105
2025-05-25 23:00:00,30.739118635402402,50.82929624083602
2025-05-26 00:00:00,30.109396539583795,46.696118922351616
2025-05-26 01:00:00,29.045088474215618,45.24149363437956
2025-05-26 02:00:00,31.56209255959606,49.42385548572141
2025-05-26 03:00:00,32.421114023698486,53.93367387772222
2025-05-26 04:00:00,32.140738644580075,52.37165073173874
2025-05-26 05:00:00,32.8367437729905,52.4402804835798
2025-05-26 06:00:00,34.575297168260576,58.51942278252694
2025-05-26 07:00:00,33.78086021787849,60.97477254512003
2025-05-26 08:00:00,32.20956592902073,67.89498822246256
2025-05-26 09:00:00,31.194382017053194,55.381572314508745
2025-05-26 10:00:00,31.589527155082077,63.59236543065316
2025-05-26 11:00:00,30.956832720997106,60.18822902760328
2025-05-26 12:00:00,30.748100359060548,60.812046674905055
2025-05-26 13:00:00,29.146430503808205,56.268725806227124
2025-05-26 14:00:00,29.26034066945938,58.02137909468849
2025-05-26 15:00:00,29.777943897658435,59.05452120400124
2025-05-26 16:00:00,28.405465615771988,54.39298283634281
2025-05-26 17:00:00,27.41489272443807,51.65770426051298
2025-05-26 18:00:00,27.20462063232726,52.62223009033061
2025-05-26 19:00:00,27.16802502295879,44.605222834696114
2025-05-26 20:00:00,28.697577527778293,48.45262857505372
2025-05-26 21:00:00,27.72796990884921,47.47039276794902
2025-05-26 22:00:00,28.88731917636988,45.51460444826504
2025-05-26 23:00:00,29.615642195367197,49.15968965356917
2025-05-27 00:00:00,29.893661717368072,51.69609886712242
2025-05-27 01:00:00,29.97357376861758,52.44921746894403
2025-05-27 02:00:00,32.053468674511436,52.51974505172602
2025-05-27 03:00:00,32.367606237692634,52.5988960530279
2025-05-27 04:00:00,33.29335765851987,55.50141648684494
2025-05-27 05:00:00,32.76598630533317,50.52965293090749
2025-05-27 06:00:00,34.271746110667735,56.10831446609539
2025-05-27 07:00:00,32.49144752551503,55.71836474134644
2025-05-27 08:00:00,34.262797510184924,68.59887690666397
2025-05-27 09:00:00,31.018300207314333,60.02213756007413
2025-05-27 10:00:00,32.142905123262814,63.51038382513457
2025-05-27 11:00:00,31.45189075294616,59.13945233443102
2025-05-27 12:00:00,29.658643417264592,60.49603459575134
2025-05-27 13:00:00,29.858147086598546,58.511200447467964
2025-05-27 14:00:00,29.818704007425424,57.84581285827735
2025-05-27 15:00:00,26.400313656574404,51.43539307355377
2025-05-27 16:00:00,28.099208706256633,55.38989407056236
2025-05-27 17:00:00,25.402694936486032,49.38121795087898
2025-05-27 18:00:00,26.522557228798732,54.71503211984541
2025-05-27 19:00:00,28.70064468467085,45.475309788358985
2025-05-27 20:00:00,27.23158723355034,48.79574930847275
2025-05-27 21:00:00,27.234664756530478,48.418028072199
2025-05-27 22:00:00,28.63673888842955,43.87149952960968
2025-05-27 23:00:00,31.172957006840576,51.32043542060088
2025-05-28 00:00:00,28.773011251875882,44.839450389368004
2025-05-28 01:00:00,30.173766255636792,48.3328365705804
2025-05-28 02:00:00,32.9363023961844,60.292626716066316
2025-05-28 03:00:00,33.84583926803054,54.99979643110757
2025-05-28 04:00:00,32.75368828156179,55.03731701804352
2025-05-28 05:00:00,32.144892366486594,54.4847701417007
2025-05-28 06:00:00,34.91503185108803,54.84516921450873
2025-05-28 07:00:00,34.411688441907266,54.375752772205466
2025-05-28 08:00:00,33.37959085120381,61.465196417942494
2025-05-28 09:00:00,31.709755514050414,59.419647723597414
2025-05-28 10:00:00,31.699133576970276,53.50835011059495
2025-05-28 11:00:00,30.886526120112404,62.229494218583206
2025-05-28 12:00:00,30.503038093333167,66.06805009176792
2025-05-28 13:00:00,30.62270106483821,60.56432413381836
2025-05-28 14:00:00,29.44189068255063,53.74659665056931
2025-05-28 15:00:00,27.255135844493257,52.130915371388014
2025-05-28 16:00:00,28.74147799830302,55.35802986187045
2025-05-28 17:00:00,27.591085282784025,51.61119917737112
2025-05-28 18:00:00,27.788009686327836,57.598965350575575
2025-05-28 19:00:00,28.51381225819638,48.75564219787949
2025-05-28 20:00:00,26.751016638676546,39.68547456816481
2025-05-28 21:00:00,28.088376243115892,47.73432037095113
2025-05-28 22:00:00,28.31319340855333,50.54418612612779
2025-05-28 23:00:00,28.207612374040778,51.48137688896208
2025-05-29 00:00:00,30.45832973624654,58.420629594501655
2025-05-29 01:00:00,32.966664130737705,51.63401748699828
2025-05-29 02:00:00,30.208899558558,57.848680484590005
2025-05-29 03:00:00,32.27645760888267,52.03500453046245
2025-05-29 04:00:00,33.29147231357574,53.147253798294784
2025-05-29 05:00:00,33.17720179435475,55.70018035447209
2025-05-29 06:00:00,33.09045931215001,52.816642759590984
2025-05-29 07:00:00,32.039366142273145,53.86799147803124
2025-05-29 08:00:00,32.96526735986805,60.37724968455059
2025-05-29 09:00:00,31.696870916109507,61.33810984280681
2025-05-29 10:00:00,29.92902439017976,62.728990605408605
2025-05-29 11:00:00,31.913092665881152,62.27238292429261
2025-05-29 12:00:00,30.94767041003624,61.130594098284874
2025-05-29 13:00:00,29.445833400335903,59.428275934756556
2025-05-29 14:00:00,28.864221504727166,60.46758359646188
2025-05-29 15:00:00,28.91909582077541,52.08869834082744
2025-05-29 16:00:00,27.762357268231753,56.72581523832946
2025-05-29 17:00:00,28.00639831910445,54.60709955666272
2025-05-29 18:00:00,26.942975993463524,53.99727047416986
2025-05-29 19:00:00,28.332771266154555,49.178838788365326
2025-05-29 20:00:00,27.839514123555432,41.528565468164246
2025-05-29 21:00:00,28.21488296548766,42.748856013548526
2025-05-29 22:00:00,27.664912883192976,38.99055331060594
2025-05-29 23:00:00,29.634069302296407,46.6938479188422
2025-05-30 00:00:00,29.457356258652172,52.014538298710356
2025-05-30 01:00:00,30.3887511467325,49.33799049869809
2025-05-30 02:00:00,30.970619689994837,46.72674075502635
2025-05-30 03:00:00,31.391252590687998,50.04721842951326
2025-05-30 04:00:00,34.42081352641462,52.49387923707445
2025-05-30 05:00:00,34.08576892110566,52.9788257527967
2025-05-30 06:00:00,34.659214194363145,58.5530422806448
2025-05-30 07:00:00,32.042381655870486,49.15466700164878
2025-05-30 08:00:00,32.77799940392976,67.33830184268348
2025-05-30 09:00:00,31.209434436044102,60.963621112388374
2025-05-30 10:00:00,31.066364290890082,61.17623983543572
2025-05-30 11:00:00,30.164875741222037,58.46165743137598
2025-05-30 12:00:00,31.11458739780098,63.32480083167294
2025-05-30 13:00:00,29.02947931485876,59.6025424300768
2025-05-30 14:00:00,29.477623659602948,59.064885643021825
2025-05-30 15:00:00,28.484896560758905,57.96718112708897
2025-05-30 16:00:00,29.367754982978248,57.22568995959957
2025-05-30 17:00:00,26.041587335268748,53.50146622421089
2025-05-30 18:00:00,28.13030678447717,54.62091888563749
2025-05-30 19:00:00,28.14229541010111,45.662826604669206
2025-05-30 20:00:00,26.74614091087279,42.31912239147213
2025-05-30 21:00:00,28.807306518266618,45.48149611492232
2025-05-30 22:00:00,28.891836163068717,44.937969700358316
2025-05-30 23:00:00,29.164482049377444,48.899138000456055
2025-05-31 00:00:00,29.40510117448581,57.860999852514844
2025-05-31 01:00:00,30.265419138211623,58.9910603637896
2025-05-31 02:00:00,33.20409924069215,56.99768262540957
2025-05-31 03:00:00,32.18611616278904,62.8026182472409
2025-05-31 04:00:00,33.28802977664189,59.963978093101616
2025-05-31 05:00:00,32.32930753759657,60.9949526131106
2025-05-31 06:00:00,32.4403672070861,56.67401497661334
2025-05-31 07:00:00,33.827614890330565,62.31564654421703
2025-05-31 08:00:00,31.5826648061755,68.78996619980663
2025-05-31 09:00:00,31.853398893298838,63.88230363217895
2025-05-31 10:00:00,31.591471492921194,69.68945018629073
2025-05-31 11:00:00,30.929804780843014,70.71145362903238
2025-05-31 12:00:00,29.920974936050484,64.33381104784598
2025-05-31 13:00:00,29.604448253632587,68.3685112490227
2025-05-31 14:00:00,29.11853416871766,62.84428102333457
2025-05-31 15:00:00,28.530639256871233,64.90390425550807
2025-05-31 16:00:00,26.677530305775832,52.3638446525432
2025-05-31 17:00:00,26.939148006853166,66.7467997502761
2025-05-31 18:00:00,28.02005985356496,65.9224824721458
2025-05-31 19:00:00,27.882189835255303,50.33406519069851
2025-05-31 20:00:00,26.367885791525243,42.54592734481398
2025-05-31 21:00:00,28.22411314078553,52.66748875833042
2025-05-31 22:00:00,26.98166936456356,45.23522821499314
2025-05-31 23:00:00,29.325340350404144,55.12017324339992
2025-06-01 00:00:00,31.523180867179885,58.97642271841664
2025-06-01 01:00:00,30.023110215275477,52.217388880489786
2025-06-01 02:00:00,30.83750881738984,59.87041694214484
2025-06-01 03:00:00,32.73751142260103,62.34424466910038
2025-06-01 04:00:00,31.368802252968706,60.391314067209365
2025-06-01 05:00:00,32.39654070874227,59.34034638674277
2025-06-01 06:00:00,33.482120163848506,57.021244094186194
2025-06-01 07:00:00,32.395316054498785,62.24518571473123
2025-06-01 08:00:00,32.414267475367645,68.53456725825438
2025-06-01 09:00:00,32.721636165594774,65.72960466849258
2025-06-01 10:00:00,31.84220412061235,72.3720855150252
2025-06-01 11:00:00,30.994879106126987,73.0890049525361
2025-06-01 12:00:00,29.733669430367073,64.39686058772313
2025-06-01 13:00:00,29.524559010690705,70.62156968305315
2025-06-01 14:00:00,28.405981109703298,62.40471018329998
2025-06-01 15:00:00,28.24989139816409,60.7084368041963
2025-06-01 16:00:00,27.009345422335404,57.725446397647296
2025-06-01 17:00:00,26.961134595412265,64.4412894957203
2025-06-01 18:00:00,26.213001019741494,55.84297019137137
2025-06-01 19:00:00,27.07918368691091,51.9483385663646
2025-06-01 20:00:00,26.75809035152671,47.48707112757045
2025-06-01 21:00:00,26.992409750093866,48.20541726244588
2025-06-01 22:00:00,28.711896172067416,55.772162191630045
2025-06-01 23:00:00,29.39870193916167,52.777552951622944
2025-06-02 00:00:00,30.57138981639362,48.81411553124764
2025-06-02 01:00:00,30.376647508082247,53.076379606072464
2025-06-02 02:00:00,31.771533105904165,56.98095147029237
2025-06-02 03:00:00,32.50704922981333,55.44675802351669
2025-06-02 04:00:00,32.89898608605335,52.25386562802418
2025-06-02 05:00:00,32.18234536106026,51.396396152015726
2025-06-02 06:00:00,33.06458161425171,54.755992696873186
2025-06-02 07:00:00,33.1341805441457,55.604315165239235
2025-06-02 08:00:00,32.548909813314424,60.62443993354665
2025-06-02 09:00:00,30.397229045297536,61.884126100275154
2025-06-02 10:00:00,31.573482527613546,62.08880853862318
2025-06-02 11:00:00,32.49157279526012,58.33770607555383
2025-06-02 12:00:00,29.657059413429174,55.595927496790324
2025-06-02 13:00:00,28.58617201484294,54.9427236057623
2025-06-02 14:00:00,28.74376967620388,56.52021235064382
2025-06-02 15:00:00,28.073673053248378,61.200447882359065
2025-06-02 16:00:00,28.30120274941458,56.65667886736513
2025-06-02 17:00:00,26.041018824840446,49.351518215016924
2025-06-02 18:00:00,27.530195030494756,55.21624346781205
2025-06-02 19:00:00,27.51965099856873,43.47910855506207
2025-06-02 20:00:00,27.23329738752901,44.99421001615284
2025-06-02 21:00:00,28.094720339212472,47.3121996716893
2025-06-02 22:00:00,29.26865681371345,51.31127420635602
2025-06-02 23:00:00,29.866485997149958,48.686815307859845
2025-06-03 00:00:00,28.970222581036474,52.06328222866515
2025-06-03 01:00:00,31.317221715407406,54.0950670753419
2025-06-03 02:00:00,31.332887146669442,49.27687822956844
2025-06-03 03:00:00,32.064257652667514,59.34523077204692
2025-06-03 04:00:00,32.54127183485013,54.55527284254053
2025-06-03 05:00:00,32.66222111852405,51.28662450142659
2025-06-03 06:00:00,33.83800402838111,60.86714640477726
2025-06-03 07:00:00,32.71544114168329,60.12112681062526
2025-06-03 08:00:00,31.587077339342237,61.75766341965735
2025-06-03 09:00:00,31.691134489479317,60.53309129993598
2025-06-03 10:00:00,31.527593804143837,61.23254397509792
2025-06-03 11:00:00,31.64446699344066,64.10423577074629
2025-06-03 12:00:00,30.367113778654524,63.49437476666969
2025-06-03 13:00:00,28.42775267239026,57.881416802893185
2025-06-03 14:00:00,30.372789964038567,59.97619156068473
2025-06-03 15:00:00,27.975137935918198,59.84928359556604
2025-06-03 16:00:00,28.30687440974135,55.01386451837987
2025-06-03 17:00:00,26.865489004966467,56.45063822404036
2025-06-03 18:00:00,27.311325426459817,53.296197372573836
2025-06-03 19:00:00,27.658435355442975,46.07825251383003
2025-06-03 20:00:00,28.261117588745545,45.52932396537063
2025-06-03 21:00:00,28.609212331438393,46.329025648630676
2025-06-03 22:00:00,29.082395630753837,46.216152582970274
2025-06-03 23:00:00,28.856111510432605,50.975562812320774
2025-06-04 00:00:00,29.366229940468983,45.66043577851856
2025-06-04 01:00:00,30.866169917600754,48.338409094035235
2025-06-04 02:00:00,32.07012923190669,59.089213314967374
2025-06-04 03:00:00,31.76677055697219,55.113729696512934
2025-06-04 04:00:00,33.27384055795866,47.73757190824648
2025-06-04 05:00:00,33.88349764928998,54.29451955109075
2025-06-04 06:00:00,32.0905700387751,47.327058057109014
2025-06-04 07:00:00,32.05186768986401,49.84128976150946
2025-06-04 08:00:00,32.30940293826288,53.74138129017106
2025-06-04 09:00:00,32.19103725214483,62.53289832077887
2025-06-04 10:00:00,30.903973163020193,57.20132623595241
2025-06-04 11:00:00,31.681846052435112,62.20703866477252
2025-06-04 12:00:00,30.162880263248596,54.4178206971999
2025-06-04 13:00:00,29.078727277318862,57.590444658690075
2025-06-04 14:00:00,27.174899154939013,52.67006964452924
2025-06-04 15:00:00,26.649653777332187,57.475235694763725
2025-06-04 16:00:00,27.45035796290596,58.6447149184676
2025-06-04 17:00:00,25.219772794242758,52.75162783866781
2025-06-04 18:00:00,27.63373670174909,53.76088472116472
2025-06-04 19:00:00,26.79932621966877,49.19492838118467
2025-06-04 20:00:00,29.820024938356305,44.01693905552189
2025-06-04 21:00:00,29.54863943096708,43.976875087049756
2025-06-04 22:00:00,28.17846751863582,45.46989223387728
2025-06-04 23:00:00,28.96210003670122,53.89389439282555
2025-06-05 00:00:00,30.558540348603604,49.398355906876226
2025-06-05 01:00:00,31.90107036064397,51.8721909195313
2025-06-05 02:00:00,29.951651891453167,44.58724233628027
2025-06-05 03:00:00,30.454295108677872,52.6555199514313
2025-06-05 04:00:00,31.86252350431179,55.21207107074928
2025-06-05 05:00:00,33.126042682808276,56.994102433254625
2025-06-05 06:00:00,33.159574009808054,52.79957119911241
2025-06-05 07:00:00,33.51566978025627,53.208085299342265
2025-06-05 08:00:00,31.40039332606305,57.64134123569858
2025-06-05 09:00:00,30.03048039058652,59.30648220833854
2025-06-05 10:00:00,31.948486493643696,59.26605370072315
2025-06-05 11:00:00,29.875975254337355,55.24450594205938
2025-06-05 12:00:00,28.14728484589107,54.3940405718719
2025-06-05 13:00:00,29.10166899886192,55.91553567239881
2025-06-05 14:00:00,28.896615687976922,55.3999726518926
2025-06-05 15:00:00,27.543109088145314,55.97693014918235
2025-06-05 16:00:00,26.797720217102672,53.47303979723565
2025-06-05 17:00:00,26.736807872818048,52.261786079539135
2025-06-05 18:00:00,26.46560892748135,53.18713485440088
2025-06-05 19:00:00,25.785859968982642,38.439966820854856
2025-06-05 20:00:00,26.592254384456318,43.18189376375041
2025-06-05 21:00:00,28.057778717853388,45.95580917067
2025-06-05 22:00:00,28.51941797050318,41.82581176883328
2025-06-05 23:00:00,29.12006584686787,50.403199787473255
2025-06-06 00:00:00,28.903882574395514,44.38268751823094
2025-06-06 01:00:00,30.331255965477247,49.86719013547835
2025-06-06 02:00:00,29.458349322723933,51.518264002508886
2025-06-06 03:00:00,31.964103034546174,55.31241573532472
2025-06-06 04:00:00,33.441163737482384,55.297094893174794
2025-06-06 05:00:00,31.418473133111743,50.46575463095493
2025-06-06 06:00:00,32.23125922122401,55.85880232392992
2025-06-06 07:00:00,32.86106426171353,56.17400060451022
2025-06-06 08:00:00,33.30035167877352,63.085537961659945
2025-06-06 09:00:00,31.46274201039774,59.24825467771086
2025-06-06 10:00:00,30.6462010964655,53.94609642854991
2025-06-06 11:00:00,28.901319981252914,57.48447149130601
2025-06-06 12:00:00,29.7827518633247,58.36086011892927
2025-06-06 13:00:00,30.55720505668565,63.4115432259618
2025-06-06 14:00:00,28.421888129449957,57.23656391345102
2025-06-06 15:00:00,27.560857832971607,58.612231681866966
2025-06-06 16:00:00,27.35959099713849,52.15517111110077
2025-06-06 17:00:00,26.79335027785213,56.64248149303669
2025-06-06 18:00:00,26.049589862070114,50.30251261441224
2025-06-06 19:00:00,27.460847813553176,46.76231424977253
2025-06-06 20:00:00,27.282534367014307,39.73228668303368
2025-06-06 21:00:00,27.592771617865502,45.37239481025647
2025-06-06 22:00:00,27.41970853805562,38.401411544162386
2025-06-06 23:00:00,29.96635057011846,48.13801856838796
2025-06-07 00:00:00,30.169186031528973,56.625596838385896
2025-06-07 01:00:00,29.971544300676207,53.38587408752389
2025-06-07 02:00:00,31.938883718208036,55.33867780650656
2025-06-07 03:00:00,31.360687508113962,59.98759292249293
2025-06-07 04:00:00,31.609897252606967,57.587426685151776
2025-06-07 05:00:00,31.927438820145465,57.00067793516982
2025-06-07 06:00:00,31.220568992792007,57.32271195048844
2025-06-07 07:00:00,32.91243521846426,68.15239081907244
2025-06-07 08:00:00,30.77058414394512,69.84756000844585
2025-06-07 09:00:00,30.775989113809516,69.88450140942065
2025-06-07 10:00:00,29.476953427999657,65.36515512737648
2025-06-07 11:00:00,30.345025216337334,66.12050120713864
2025-06-07 12:00:00,29.517167467044988,56.94265457568974
2025-06-07 13:00:00,28.59960972940583,60.442356473541096
2025-06-07 14:00:00,27.303361679526024,58.70432778353941
2025-06-07 15:00:00,26.578316488953533,53.21629348797376
2025-06-07 16:00:00,27.41084351474643,56.86727095589727
2025-06-07 17:00:00,26.29920481102849,52.39605924708337
2025-06-07 18:00:00,26.8905104924914,59.287947379392406
2025-06-07 19:00:00,26.031447407495904,50.31290324603907
2025-06-07 20:00:00,27.184197818126034,53.25187962849985
2025-06-07 21:00:00,28.558725921555695,53.650060045037975
2025-06-07 22:00:00,28.60635647557671,49.60125263244237
2025-06-07 23:00:00,28.53103564538174,46.55966868612725
2025-06-08 00:00:00,29.780120282910605,49.333610411034584
2025-06-08 01:00:00,30.15828610230926,51.47796725239317
2025-06-08 02:00:00,31.080665254381646,54.27861836377994
2025-06-08 03:00:00,31.435192608466703,57.10410120126531
2025-06-08 04:00:00,32.040969153270865,55.63125182150665
2025-06-08 05:00:00,32.64181326795241,60.772191563319126
2025-06-08 06:00:00,31.779674146960303,57.50659295613013
2025-06-08 07:00:00,31.659435523901088,58.01862107824504
2025-06-08 08:00:00,31.061603274914212,70.33163755285919
2025-06-08 09:00:00,30.41546456658254,62.20714101724745
2025-06-08 10:00:00,30.100534952849483,66.43707665000618
2025-06-08 11:00:00,30.47838824737673,65.8191791598499
2025-06-08 12:00:00,28.860131094232358,61.94777712670916
2025-06-08 13:00:00,29.20879554270318,66.2316009394636
2025-06-08 14:00:00,28.102132105627916,64.22088025380127
2025-06-08 15:00:00,25.878237392315782,54.74135491820312
2025-06-08 16:00:00,27.500265362649902,59.95399590119605
2025-06-08 17:00:00,27.325222544232027,61.029035627369844
2025-06-08 18:00:00,25.779270966757984,56.58366749609662
2025-06-08 19:00:00,27.012736862074654,51.37799034859777
2025-06-08 20:00:00,26.29108630534519,49.16753140335217
2025-06-08 21:00:00,27.53117706446489,56.05380243710484
2025-06-08 22:00:00,27.062762381061894,45.12213487812205
2025-06-08 23:00:00,27.36341880929064,49.88684588748096
2025-06-09 00:00:00,29.204578109125485,44.8427330618893
2025-06-09 01:00:00,30.188305839103553,51.15127287670353
2025-06-09 02:00:00,30.692688105924177,45.39532292052688
2025-06-09 03:00:00,30.684927757797453,51.271808094710074
2025-06-09 04:00:00,31.788988822464262,50.33003458639065
2025-06-09 05:00:00,32.62404514174766,51.520795656782745
2025-06-09 06:00:00,32.474917436717824,49.115356775470026
2025-06-09 07:00:00,32.55461016416244,52.20307045688937
2025-06-09 08:00:00,31.572815911805787,65.0845702321232
2025-06-09 09:00:00,32.56952653614843,63.54958171447874
2025-06-09 10:00:00,30.069893191572035,61.00884899845309
2025-06-09 11:00:00,30.677337233792798,65.21313248672585
2025-06-09 12:00:00,30.45634473518383,60.61268727779862
2025-06-09 13:00:00,29.119101199707412,55.73798344328632
2025-06-09 14:00:00,27.848812479163996,56.52961910804356
2025-06-09 15:00:00,26.966873879925835,51.907484544923626
2025-06-09 16:00:00,27.74162577029955,53.42165833664768
2025-06-09 17:00:00,25.474674441739317,46.29473559627382
2025-06-09 18:00:00,25.734732452512144,54.101290887775036
2025-06-09 19:00:00,26.295008169555278,41.17300697825118
2025-06-09 20:00:00,27.90287865547214,45.77147631729744
2025-06-09 21:00:00,27.693325626088935,41.74010034114016
2025-06-09 22:00:00,27.23639525400766,45.3333543463602
2025-06-09 23:00:00,28.486128561200374,43.98920769575542
2025-06-10 00:00:00,28.955396407642034,46.69458736865019
2025-06-10 01:00:00,29.655480864439806,51.01334364970903
2025-06-10 02:00:00,31.729966569764493,54.486217762273675
2025-06-10 03:00:00,30.470780763067907,49.78131515597141
2025-06-10 04:00:00,33.33195581885989,49.69312737582764
2025-06-10 05:00:00,33.00721615393397,63.391420787263066
2025-06-10 06:00:00,33.31954425940203,60.21275657774306
2025-06-10 07:00:00,31.974280792166063,54.72172990056381
2025-06-10 08:00:00,31.9249785590091,60.20535006144347
2025-06-10 09:00:00,30.421653814858942,59.418200381640204
2025-06-10 10:00:00,30.527124997265627,58.31856370574857
2025-06-10 11:00:00,30.618235936341154,63.90439250270324
2025-06-10 12:00:00,30.483705372344186,60.65817834277504
2025-06-10 13:00:00,27.784672334169546,52.659918626425686
2025-06-10 14:00:00,27.654450173330858,53.3657450146212
2025-06-10 15:00:00,27.20449520317341,57.331655793421845
2025-06-10 16:00:00,25.732147349811765,56.11815877012261
2025-06-10 17:00:00,27.022156837458585,58.22487699788419
2025-06-10 18:00:00,25.86766265752498,53.8328889787069
2025-06-10 19:00:00,26.392765163110244,41.74910268719053
2025-06-10 20:00:00,26.48721921403625,32.9524531092779
2025-06-10 21:00:00,26.694063774783686,43.940794866035304
2025-06-10 22:00:00,27.941218934534625,45.288707805630025
2025-06-10 23:00:00,28.497910124757087,46.71618451352682
2025-06-11 00:00:00,29.084962944860003,47.514625341847626
2025-06-11 01:00:00,29.576137088646224,44.25826027371573
2025-06-11 02:00:00,31.1380689873093,52.720749847710294
2025-06-11 03:00:00,32.82666340903641,55.98464307836109
2025-06-11 04:00:00,32.09243524830755,54.813399793132575
2025-06-11 05:00:00,33.07712130147904,57.378549353382425
2025-06-11 06:00:00,31.27027171056017,53.098644013773175
2025-06-11 07:00:00,32.40643588098515,52.10149635115654
2025-06-11 08:00:00,31.1026308068594,60.772224908598645
2025-06-11 09:00:00,30.322229652217057,59.853387975750834
2025-06-11 10:00:00,30.290952124715705,59.846812171808125
2025-06-11 11:00:00,31.112425853521355,63.99701950425363
2025-06-11 12:00:00,30.14246191361865,61.18743770358104
2025-06-11 13:00:00,28.80039589301889,63.07274292614386
2025-06-11 14:00:00,26.65628880277099,59.60072678464179
2025-06-11 15:00:00,27.104104386012942,54.02633664266507
2025-06-11 16:00:00,27.02573304645101,42.13635283823371
2025-06-11 17:00:00,26.62510075547861,56.635678758243294
2025-06-11 18:00:00,24.907414383898338,48.21221687405585
2025-06-11 19:00:00,25.772417493399832,38.98589972262668
2025-06-11 20:00:00,26.733110828010645,41.924263665451065
2025-06-11 21:00:00,27.690161634737045,43.50236180208286
2025-06-11 22:00:00,26.125546993802978,43.86279401916154
2025-06-11 23:00:00,28.476292934991484,41.57901994560599
2025-06-12 00:00:00,29.432072944801284,44.744569063267505
2025-06-12 01:00:00,30.773780655018655,51.42228084162583
2025-06-12 02:00:00,31.37191999628807,53.33828808455845
2025-06-12 03:00:00,31.90501132750481,54.353645324316695
2025-06-12 04:00:00,31.27575773488989,48.9352550860019
2025-06-12 05:00:00,30.689009698066684,47.30542050872131
2025-06-12 06:00:00,32.003191723248996,51.08584060048443
2025-06-12 07:00:00,33.01671686793218,55.149708619132106
2025-06-12 08:00:00,33.03047376227099,68.91128487990542
2025-06-12 09:00:00,32.007393554295994,56.47099684042054
2025-06-12 10:00:00,31.16110658713951,60.427805585976024
2025-06-12 11:00:00,30.397802782914457,55.71800968617041
2025-06-12 12:00:00,28.872738931489497,52.014202044620625
2025-06-12 13:00:00,28.437128558747663,59.087701341780246
2025-06-12 14:00:00,29.152889549559188,59.10907491270455
2025-06-12 15:00:00,26.442267180704977,53.944381473110745
2025-06-12 16:00:00,28.011380750112686,58.183562869395814
2025-06-12 17:00:00,26.16223392643727,50.65286437728867
2025-06-12 18:00:00,27.377979616174184,52.98245076011295
2025-06-12 19:00:00,25.294404442432885,47.08711984654691
2025-06-12 20:00:00,27.188281078476525,43.19919277847902
2025-06-12 21:00:00,26.606897476580382,45.09781179700697
2025-06-12 22:00:00,26.68542017535877,43.052900938535736
2025-06-12 23:00:00,28.716004027519315,41.14403165929952
2025-06-13 00:00:00,30.060005594620083,42.97412305891234
2025-06-13 01:00:00,29.352932148176073,46.098325206897215
2025-06-13 02:00:00,29.553215395376586,51.36409146668782
2025-06-13 03:00:00,31.300272695834984,53.70536582241098
2025-06-13 04:00:00,31.78055611207488,54.94723249440689
2025-06-13 05:00:00,32.58886134465411,50.69881188356846
2025-06-13 06:00:00,33.012103820834895,59.26940434786975
2025-06-13 07:00:00,32.10267349759252,49.89013239510738
2025-06-13 08:00:00,33.334907026932036,65.64130584448758
2025-06-13 09:00:00,31.553136302931183,61.76458847555292
2025-06-13 10:00:00,30.475286958937787,59.33389506514426
2025-06-13 11:00:00,28.739631411768606,60.74711295607031
2025-06-13 12:00:00,29.042300547490374,55.16080942498479
2025-06-13 13:00:00,28.206861472106834,51.723534882656516
2025-06-13 14:00:00,28.520672000768485,56.39719606000253
2025-06-13 15:00:00,27.50109471943715,53.30249029212728
2025-06-13 16:00:00,25.710856655083898,61.41169073639896
2025-06-13 17:00:00,26.49245419400493,54.7159399785288
2025-06-13 18:00:00,26.78965310112655,51.99335385637192
2025-06-13 19:00:00,27.57707577238637,41.470401682734206
2025-06-13 20:00:00,27.36435512632124,38.614973995671875
2025-06-13 21:00:00,27.739785143632847,41.855956001326824
2025-06-13 22:00:00,27.80049695943544,45.38571984226119
2025-06-13 23:00:00,28.786620632774504,51.09790309377842
2025-06-14 00:00:00,30.18645519765889,58.70068678294976
2025-06-14 01:00:00,28.897086494417806,53.70204018489119
2025-06-14 02:00:00,30.4072998153204,54.76363667046927
2025-06-14 03:00:00,30.690116621648613,57.04864698820397
2025-06-14 04:00:00,32.08824998342818,57.202935977717
2025-06-14 05:00:00,33.0688064964818,65.67894368095887
2025-06-14 06:00:00,31.709271847717105,57.50911878206555
2025-06-14 07:00:00,30.172385261985617,55.05127989683393
2025-06-14 08:00:00,31.455150892427703,60.97180433130786
2025-06-14 09:00:00,32.038950606267534,68.08380655171327
2025-06-14 10:00:00,31.11695519945387,69.51997177291179
2025-06-14 11:00:00,30.30585741064999,62.34737560805434
2025-06-14 12:00:00,28.96285663559438,60.88098094059144
2025-06-14 13:00:00,27.387169552810573,62.67503824826002
2025-06-14 14:00:00,28.099086734393538,57.14838445135421
2025-06-14 15:00:00,26.398105485506623,61.689992896537674
2025-06-14 16:00:00,28.336052452445013,60.408462743881714
2025-06-14 17:00:00,26.745479564910372,57.97615855536506
2025-06-14 18:00:00,25.722332635050805,53.928563527714665
2025-06-14 19:00:00,25.799965600315858,48.5740768618522
2025-06-14 20:00:00,26.51441970044978,56.10557141589774
2025-06-14 21:00:00,26.873929395916925,51.71756463103236
2025-06-14 22:00:00,28.580318297517927,49.851717149710666
2025-06-14 23:00:00,28.559527077581638,55.81401049612138
2025-06-15 00:00:00,28.53561730967004,51.41407251960332
2025-06-15 01:00:00,31.409732384229052,61.66097323589497
2025-06-15 02:00:00,30.660369366013043,58.60869406531657
2025-06-15 03:00:00,31.857314785131624,49.51374191682173
2025-06-15 04:00:00,31.232417706194372,54.206112972284785
2025-06-15 05:00:00,32.309192681859685,61.98970249585361
2025-06-15 06:00:00,32.36981069371142,59.72063106511562
2025-06-15 07:00:00,30.506980745987143,52.84129749965331
2025-06-15 08:00:00,33.33121900051869,69.0954256544522
2025-06-15 09:00:00,32.27475861309454,63.37585564330204
2025-06-15 10:00:00,30.303166447880074,65.28057974360495
2025-06-15 11:00:00,29.015564043739744,69.86008445677884
2025-06-15 12:00:00,29.398971991839705,66.33294975750844
2025-06-15 13:00:00,28.41382372502082,68.71613370860274
2025-06-15 14:00:00,27.90545785964745,63.87701541673535
2025-06-15 15:00:00,27.152864274192495,62.95759372360456
2025-06-15 16:00:00,26.92783928088829,65.39234676883399
2025-06-15 17:00:00,27.380989781443105,61.41757138462427
2025-06-15 18:00:00,26.575405264899782,58.27404751229897
2025-06-15 19:00:00,25.383420822801707,49.78813003090911
2025-06-15 20:00:00,27.61289677161351,55.064734900269976
2025-06-15 21:00:00,28.312094008027852,50.52187528631351
2025-06-15 22:00:00,30.142568088406534,53.091915312111674
2025-06-15 23:00:00,27.445670338897624,50.818774707308364
2025-06-16 00:00:00,29.24896758143225,50.14263824737304
2025-06-16 01:00:00,28.165440143668402,48.09206540458781
2025-06-16 02:00:00,30.9971812960154,46.522423532264916
2025-06-16 03:00:00,30.73742207593825,56.06217793787882
2025-06-16 04:00:00,33.19149481812531,52.821195884435
2025-06-16 05:00:00,31.332747473764368,50.60375046211013
2025-06-16 06:00:00,30.70331554053822,47.55800489300533
2025-06-16 07:00:00,31.575428457217217,59.930757730802256
2025-06-16 08:00:00,30.072347965291634,59.85643834838885
2025-06-16 09:00:00,31.77686187807752,59.64542613849484
2025-06-16 10:00:00,28.902595533906972,59.61644261091989
2025-06-16 11:00:00,29.85388517116612,61.04440064602912
2025-06-16 12:00:00,27.392412515027072,53.743161456309075
2025-06-16 13:00:00,28.021966591975154,57.961360003905426
2025-06-16 14:00:00,28.869364495555658,54.48898020950759
2025-06-16 15:00:00,27.221859940501023,52.52059306805408
2025-06-16 16:00:00,25.765790875586767,45.34777361235799
2025-06-16 17:00:00,26.131921700893557,48.06560580894971
2025-06-16 18:00:00,26.069075468547588,57.34722826039771
2025-06-16 19:00:00,26.53498876871955,47.68726566686214
2025-06-16 20:00:00,25.36309906893405,40.85094427002818
2025-06-16 21:00:00,27.40739544643025,49.32210614514396
2025-06-16 22:00:00,25.39114866562981,40.22384413830875
2025-06-16 23:00:00,27.77429719371342,44.263504040980436
2025-06-17 00:00:00,28.597469647962505,46.64497731172918
2025-06-17 01:00:00,30.271207318088294,49.11340838658823
2025-06-17 02:00:00,30.506193404065236,49.26555915663688
2025-06-17 03:00:00,29.984958622398356,52.4031198417657
2025-06-17 04:00:00,30.798170432623444,50.887113740590806
2025-06-17 05:00:00,32.04481020842887,54.81810366847338
2025-06-17 06:00:00,31.924834848432095,55.558844303009764
2025-06-17 07:00:00,31.42256691308235,52.72517783051243
2025-06-17 08:00:00,31.201497901667473,58.25188224527674
2025-06-17 09:00:00,31.666343463210815,57.940820566887346
2025-06-17 10:00:00,30.07393466362837,59.579424298952986
2025-06-17 11:00:00,29.694072862008046,57.93556223713968
2025-06-17 12:00:00,30.724037992388176,60.56544267305908
2025-06-17 13:00:00,27.07268547710904,53.68267174105051
2025-06-17 14:00:00,26.006614536664014,59.562627146494926
2025-06-17 15:00:00,27.493640110202985,50.49787343144136
2025-06-17 16:00:00,25.847098061535142,45.55493770129988
2025-06-17 17:00:00,25.83572122086244,52.50142869811122
2025-06-17 18:00:00,25.36316361941885,49.52442685118934
2025-06-17 19:00:00,25.882471130442525,42.536651643986396
2025-06-17 20:00:00,27.6688430002475,46.5555664672975
2025-06-17 21:00:00,27.508471145258596,48.36756214700216
2025-06-17 22:00:00,28.177867531433325,41.198484095428164
2025-06-17 23:00:00,27.07864994198206,42.07141620199622
2025-06-18 00:00:00,28.00029969168015,46.686823221666565
2025-06-18 01:00:00,27.42641688864167,46.67894118661668
2025-06-18 02:00:00,29.773718024056244,55.17304109416639
2025-06-18 03:00:00,31.807905573590617,55.121341945804716
2025-06-18 04:00:00,31.93285610487446,52.308775201115196
2025-06-18 05:00:00,31.641789549427955,49.28391393014233
2025-06-18 06:00:00,31.903382453948005,50.73321885894936
2025-06-18 07:00:00,31.267891725729328,49.50409663744147
2025-06-18 08:00:00,31.683105998197192,63.99529168229623
2025-06-18 09:00:00,31.655245648066582,62.75043450327734
2025-06-18 10:00:00,29.128513250994068,53.46037513926279
2025-06-18 11:00:00,29.93739796649989,57.5796119324285
2025-06-18 12:00:00,29.667170577686182,61.03354970018939
2025-06-18 13:00:00,27.812685314444188,56.11782063092172
2025-06-18 14:00:00,27.981783170618915,57.073143555152356
2025-06-18 15:00:00,29.051625892940848,58.44169173746531
2025-06-18 16:00:00,26.23967223517962,57.11070222714989
2025-06-18 17:00:00,26.3380908420595,53.11669270718021
2025-06-18 18:00:00,25.330777013993334,49.43733023157591
2025-06-18 19:00:00,26.168446132136882,39.355937914445704
2025-06-18 20:00:00,26.691363769554975,43.79328315982809
2025-06-18 21:00:00,26.955776209578914,36.198285132916794
2025-06-18 22:00:00,26.605466425155363,42.336972559781515
2025-06-18 23:00:00,28.309854962675246,45.34021935305142
2025-06-19 00:00:00,30.023840412733293,44.94950018206808
2025-06-19 01:00:00,29.989449408678368,46.196211419653075
2025-06-19 02:00:00,31.123673413016657,53.451584733874704
2025-06-19 03:00:00,30.785794429308723,51.10656521998059
2025-06-19 04:00:00,32.05208006465147,52.99910911749463
2025-06-19 05:00:00,31.97527541119961,53.474538341955366
2025-06-19 06:00:00,31.0933550780094,51.24592190426369
2025-06-19 07:00:00,32.00667794446549,56.34060798861282
2025-06-19 08:00:00,30.658802542360252,60.556132121359404
2025-06-19 09:00:00,30.469099785410993,55.46974027228354
2025-06-19 10:00:00,30.505546307593082,64.80037324829078
2025-06-19 11:00:00,29.868336215770846,59.87402599037406
2025-06-19 12:00:00,27.90269768969748,53.457094649070264
2025-06-19 13:00:00,28.92081514339792,53.2972621032312
2025-06-19 14:00:00,27.811688684399563,56.24878229479335
2025-06-19 15:00:00,26.168980569710836,51.752649010556375
2025-06-19 16:00:00,25.02593961324653,54.769131661940975
2025-06-19 17:00:00,25.840382519626832,50.47496669332781
2025-06-19 18:00:00,25.497328690670255,48.383049274159056
2025-06-19 19:00:00,26.046818548534397,44.571662042069704
2025-06-19 20:00:00,25.965514121481416,44.513771096817045
2025-06-19 21:00:00,25.126797829603532,40.73419019611694
2025-06-19 22:00:00,27.04340611111826,45.70720214303759
2025-06-19 23:00:00,27.83313123759697,44.98657486544783
2025-06-20 00:00:00,29.293620378993552,48.430111985216136
2025-06-20 01:00:00,29.00458895479303,50.70323276631922
2025-06-20 02:00:00,31.629631297872358,53.80929133823475
2025-06-20 03:00:00,29.37869946221254,47.3738357169847
2025-06-20 04:00:00,32.43370176876972,57.43775082156395
2025-06-20 05:00:00,31.505013861339027,44.61445883203571
2025-06-20 06:00:00,32.47435945704915,59.61006695695427
2025-06-20 07:00:00,31.748310225288495,47.02908112084709
2025-06-20 08:00:00,32.296412199348,61.25226348450951
2025-06-20 09:00:00,30.598122331091698,59.95386759037985
2025-06-20 10:00:00,29.407795219032053,57.49458938207321
2025-06-20 11:00:00,30.69955212429872,63.27842694381736
2025-06-20 12:00:00,28.69590704246859,53.47912282061276
2025-06-20 13:00:00,28.18748120276611,56.51976661742819
2025-06-20 14:00:00,28.27449309041014,54.15945126807899
2025-06-20 15:00:00,25.839807021939116,52.397075577502655
2025-06-20 16:00:00,26.665008065932394,52.80269773928468
2025-06-20 17:00:00,25.416998275136788,51.02940385329515
2025-06-20 18:00:00,25.680956074658805,49.57594643699281
2025-06-20 19:00:00,25.94673725261453,40.1739352044179
2025-06-20 20:00:00,24.98843785866344,40.841005687676464
2025-06-20 21:00:00,26.042301581358316,44.7072893637131
2025-06-20 22:00:00,28.367549873104817,44.26675176899513
2025-06-20 23:00:00,28.719187374734577,44.08823464080351
2025-06-21 00:00:00,28.66895468104046,54.444498922888336
2025-06-21 01:00:00,29.690022245020128,54.34452836186316
2025-06-21 02:00:00,29.98367233839308,57.462104611065406
2025-06-21 03:00:00,31.925653395124275,55.748784471110255
2025-06-21 04:00:00,31.156860492020233,51.74403210936613
2025-06-21 05:00:00,31.802317495477332,56.645159246380196
2025-06-21 06:00:00,32.6358904582159,57.44554499699357
2025-06-21 07:00:00,30.994946633892727,56.55453874076601
2025-06-21 08:00:00,32.56417390185308,67.70497738052438
2025-06-21 09:00:00,29.61601755866719,66.53188245961029
2025-06-21 10:00:00,31.522780047792487,66.87655329875894
2025-06-21 11:00:00,29.19738301104823,64.00671291620853
2025-06-21 12:00:00,28.524907344642024,62.81773689567848
2025-06-21 13:00:00,26.43060107064833,59.15994720440355
2025-06-21 14:00:00,26.855230569000096,59.26702769283525
2025-06-21 15:00:00,25.7659007745211,58.91042346536892
2025-06-21 16:00:00,25.634873055250154,54.75580609797285
2025-06-21 17:00:00,25.71144009140394,61.47884594448874
2025-06-21 18:00:00,26.485299634480572,57.96392719195942
2025-06-21 19:00:00,25.987371545155543,43.84262136758393
2025-06-21 20:00:00,26.367131454269824,49.025056688661
2025-06-21 21:00:00,25.721330488266158,44.74485343153663
2025-06-21 22:00:00,26.514463071220064,50.722037131722736
2025-06-21 23:00:00,29.381589222275736,60.51567732822346
2025-06-22 00:00:00,28.06306722394347,49.153804728424696
2025-06-22 01:00:00,30.752651788707468,57.35189021934539
2025-06-22 02:00:00,29.956779092649374,49.65568560065499
2025-06-22 03:00:00,30.774378744228514,57.75559742793536
2025-06-22 04:00:00,32.10559639129133,56.13293210492532
2025-06-22 05:00:00,32.566519468172196,57.74523118740651
2025-06-22 06:00:00,31.5625780035308,54.50878093683596
2025-06-22 07:00:00,31.238411087804042,59.42559363621148
2025-06-22 08:00:00,31.20456790428961,70.1901353001411
2025-06-22 09:00:00,31.042914417899404,66.94740159619445
2025-06-22 10:00:00,30.86427100124987,63.96240768624261
2025-06-22 11:00:00,29.431069074256953,68.7444934419741
2025-06-22 12:00:00,29.14633709017259,61.212176379046696
2025-06-22 13:00:00,29.185458702263258,57.04772876429155
2025-06-22 14:00:00,27.456275741565896,61.79646336468982
2025-06-22 15:00:00,26.77922999299825,55.8882899664723
2025-06-22 16:00:00,24.838023180328697,58.67426810508918
2025-06-22 17:00:00,23.648866463423612,52.42454654414225
2025-06-22 18:00:00,25.961928635138204,59.54261126488135
2025-06-22 19:00:00,25.677591187862163,51.42416517780836
2025-06-22 20:00:00,25.641325700468958,43.52780966698195
2025-06-22 21:00:00,26.7247318715435,47.40670597610109
2025-06-22 22:00:00,27.10290506839654,49.55821590514258
2025-06-22 23:00:00,28.77699511695362,57.41124516761955
2025-06-23 00:00:00,28.652085482286683,44.59860571429469
2025-06-23 01:00:00,28.76211529493093,44.988296443028645
2025-06-23 02:00:00,30.875329778846933,52.010015328591905
2025-06-23 03:00:00,30.53081227128218,48.22377591117621
2025-06-23 04:00:00,31.602502345970663,52.342081871440044
2025-06-23 05:00:00,31.099045701592466,46.323669999962064
2025-06-23 06:00:00,31.063335279281553,57.556993330376585
2025-06-23 07:00:00,31.548308850695264,47.74382824032327
2025-06-23 08:00:00,31.191535913867764,60.17950653299135
2025-06-23 09:00:00,31.08837875953261,60.86163865963242
2025-06-23 10:00:00,29.868280185031708,64.50096873612746
2025-06-23 11:00:00,27.890566095970748,51.22848162994912
2025-06-23 12:00:00,28.236977680808792,61.777672231892076
2025-06-23 13:00:00,28.44179442608699,58.46676043026265
2025-06-23 14:00:00,26.845295924285015,54.57281863698277
2025-06-23 15:00:00,26.26476972210822,49.322684438740936
2025-06-23 16:00:00,26.774221781050933,54.9070229320059
2025-06-23 17:00:00,25.115840727005157,48.03805344134988
2025-06-23 18:00:00,24.348954213085182,52.628101343148565
2025-06-23 19:00:00,25.5569144131919,38.089259856422224
2025-06-23 20:00:00,25.597781415327194,40.73653106422069
2025-06-23 21:00:00,25.688879388317257,39.57416363493155
2025-06-23 22:00:00,26.942894022960548,40.53464035404801
2025-06-23 23:00:00,28.199944170169363,47.983858957028595
2025-06-24 00:00:00,28.507561860556073,47.91998759122983
2025-06-24 01:00:00,29.53703470326688,51.79369306258338
2025-06-24 02:00:00,31.465718868622663,46.298668638896295
2025-06-24 03:00:00,30.362009964123917,52.84413004244618
2025-06-24 04:00:00,31.335747828879377,58.92069280805356
2025-06-24 05:00:00,31.005399498598223,49.45479582994596
2025-06-24 06:00:00,30.83790493390075,56.19367471734826
2025-06-24 07:00:00,30.944844065943315,49.91123550251849
2025-06-24 08:00:00,30.730062063946292,56.1968825024194
2025-06-24 09:00:00,30.923893691407667,59.746111317313414
2025-06-24 10:00:00,31.89425333917093,65.55426791353351
2025-06-24 11:00:00,28.718615096097217,54.178977725980396
2025-06-24 12:00:00,28.181692465317955,53.92603046055286
2025-06-24 13:00:00,27.688037164013764,56.61908519210435
2025-06-24 14:00:00,27.33163178877812,54.20611757001634
2025-06-24 15:00:00,26.60451301581451,54.64199228592634
2025-06-24 16:00:00,26.944193133615503,54.213036262782914
2025-06-24 17:00:00,23.676101574514952,49.055858792781635
2025-06-24 18:00:00,23.605448813653787,46.1929043071482
2025-06-24 19:00:00,25.220512693335,41.09211567409418
2025-06-24 20:00:00,26.794756648491976,40.44844295019776
2025-06-24 21:00:00,25.141153940966205,44.119377961249334
2025-06-24 22:00:00,24.60888683805532,37.39317215804763
2025-06-24 23:00:00,28.195479099478128,49.1384048417088
2025-06-25 00:00:00,28.64156180744895,45.85399037045951
2025-06-25 01:00:00,28.350926438354797,46.6376646213106
2025-06-25 02:00:00,29.158204347910036,45.99987417356596
2025-06-25 03:00:00,29.79216139633868,45.57790421990554
2025-06-25 04:00:00,31.133140493819248,45.805371726058745
2025-06-25 05:00:00,30.84336128640758,47.35207783975626
2025-06-25 06:00:00,31.841887163667195,51.34367033495319
2025-06-25 07:00:00,29.06071217703047,47.9449194551415
2025-06-25 08:00:00,30.359230747737854,62.67775328577793
2025-06-25 09:00:00,29.66711320331758,57.0635313865811
2025-06-25 10:00:00,29.741563485788785,55.88893198161829
2025-06-25 11:00:00,28.79265495700223,52.498634564595875
2025-06-25 12:00:00,29.084911052403392,58.79303074803841
2025-06-25 13:00:00,26.18270947585117,56.278460602520134
2025-06-25 14:00:00,26.98302920955138,57.36844338106135
2025-06-25 15:00:00,26.771984823496503,55.31937092673542
2025-06-25 16:00:00,27.333877766383026,56.116609931292246
2025-06-25 17:00:00,25.163445772744794,55.38707373006865
2025-06-25 18:00:00,25.70620291196879,52.26740962579426
2025-06-25 19:00:00,24.105768315569684,40.32877199609794
2025-06-25 20:00:00,23.934994853683044,37.120639151073476
2025-06-25 21:00:00,27.001135185552496,39.515913221430225
2025-06-25 22:00:00,26.942187793568323,41.444391326924254
2025-06-25 23:00:00,28.612989045017954,46.475903165428356
2025-06-26 00:00:00,27.279424688093,44.285320556071305
2025-06-26 01:00:00,29.570525846199363,54.00580408772503
2025-06-26 02:00:00,31.37320127170388,51.71559379184019
2025-06-26 03:00:00,30.83523182951425,54.03994762520258
2025-06-26 04:00:00,31.197488415094952,49.85024742244197
2025-06-26 05:00:00,31.282769342795483,50.373957159736165
2025-06-26 06:00:00,30.121441833568067,45.23157238875218
2025-06-26 07:00:00,32.36038282670428,51.02170504943799
2025-06-26 08:00:00,30.48753709877806,61.45851095189177
2025-06-26 09:00:00,30.90305394793485,60.64817764746513
2025-06-26 10:00:00,28.627719554011794,59.35871105691293
2025-06-26 11:00:00,28.211036402970137,56.323627370381395
2025-06-26 12:00:00,29.526216918646586,57.089829258650624
2025-06-26 13:00:00,27.32384803279496,60.6278170503918
2025-06-26 14:00:00,28.04076738010283,55.19167057804595
2025-06-26 15:00:00,26.194242128462342,55.63863874034813
2025-06-26 16:00:00,24.306552569549194,47.54816700555452
2025-06-26 17:00:00,26.194023600186966,54.278040918487235
2025-06-26 18:00:00,24.90623314506431,52.615266638570816
2025-06-26 19:00:00,26.039320571215228,42.49625293991416
2025-06-26 20:00:00,25.800239481947546,34.37698229941578
2025-06-26 21:00:00,25.022332073354857,40.09495511460708
2025-06-26 22:00:00,27.009582811565252,47.308629204097386
2025-06-26 23:00:00,29.358668377683472,49.42804557891344
2025-06-27 00:00:00,28.70393508374542,48.0045997764295
2025-06-27 01:00:00,29.039988849837044,42.10520912783412
2025-06-27 02:00:00,30.66982063849937,48.04431193727369
2025-06-27 03:00:00,30.599401032655983,51.31299475223509
2025-06-27 04:00:00,31.075249512497404,52.166598952856006
2025-06-27 05:00:00,30.334023258073778,53.24524220493151
2025-06-27 06:00:00,31.49662433756553,51.25932354217967
2025-06-27 07:00:00,32.03567812893461,53.88169289210375
2025-06-27 08:00:00,30.23877240660715,59.47891305768675
2025-06-27 09:00:00,31.570462917491053,58.86600504197923
2025-06-27 10:00:00,29.736181097617752,51.75775198242771
2025-06-27 11:00:00,28.375787443010584,57.369446473809276
2025-06-27 12:00:00,29.107651578470048,57.91561446648452
2025-06-27 13:00:00,27.303653393035674,52.292050981163705
2025-06-27 14:00:00,27.41715782692274,49.493364918913336
2025-06-27 15:00:00,25.95481866756738,53.6078921448475
2025-06-27 16:00:00,25.663608790756616,50.39673560077525
2025-06-27 17:00:00,25.80661660153408,53.122534049865784
2025-06-27 18:00:00,25.542263563005857,56.568220004645816
2025-06-27 19:00:00,23.815343013705256,31.443324783710345
2025-06-27 20:00:00,24.814474713505025,37.56725205820195
2025-06-27 21:00:00,26.931753561206865,42.84902957023662
2025-06-27 22:00:00,26.703836645812615,47.43138448490266
2025-06-27 23:00:00,27.114103739409153,38.89617767331702
2025-06-28 00:00:00,27.15399389725719,55.68477209210476
2025-06-28 01:00:00,28.153521187750055,52.08390584264897
2025-06-28 02:00:00,28.123414197493613,51.334143570286926
2025-06-28 03:00:00,30.281148878061586,54.911888690854134
2025-06-28 04:00:00,30.36017925635165,54.33953356489288
2025-06-28 05:00:00,30.365360275542123,58.80199877378328
2025-06-28 06:00:00,31.186354369328807,53.929875602544534
2025-06-28 07:00:00,31.429807093012567,58.60989531235418
2025-06-28 08:00:00,32.51348766658444,68.37173280273106
2025-06-28 09:00:00,29.15266671737224,61.188399745727736
2025-06-28 10:00:00,30.668357944103587,73.96096982643814
2025-06-28 11:00:00,29.79579149358279,65.8895768927094
2025-06-28 12:00:00,27.61757891796181,62.55143868631469
2025-06-28 13:00:00,27.626984737824433,64.14190287008996
2025-06-28 14:00:00,26.374746509993077,54.2104938820319
2025-06-28 15:00:00,26.268083630238518,63.53942626179543
2025-06-28 16:00:00,26.850081708833496,51.803275540415065
2025-06-28 17:00:00,25.827560616701017,55.18330987994627
2025-06-28 18:00:00,25.647739808049923,55.78883663495316
2025-06-28 19:00:00,24.99882817463225,47.74306080924957
2025-06-28 20:00:00,24.455531566170386,45.676111617531156
2025-06-28 21:00:00,25.9527581974712,47.21452053335298
2025-06-28 22:00:00,27.706139633354304,50.83505930615458
2025-06-28 23:00:00,26.24266168888389,45.302721969423295
2025-06-29 00:00:00,27.328017437476767,45.69873420400566
2025-06-29 01:00:00,29.04956025631294,55.468743328371474
2025-06-29 02:00:00,28.884365104140315,55.072975525061125
2025-06-29 03:00:00,29.659390517885594,59.140386057665246
2025-06-29 04:00:00,30.4312862779889,53.4062640099344
2025-06-29 05:00:00,29.97737248753321,57.03771610846255
2025-06-29 06:00:00,30.392791455045028,54.85590443398686
2025-06-29 07:00:00,31.632608744315174,61.51012069534776
2025-06-29 08:00:00,29.724269317586668,67.56957310169042
2025-06-29 09:00:00,29.015111567981897,63.86082902004078
2025-06-29 10:00:00,29.168068948391007,62.48393363710585
2025-06-29 11:00:00,29.534110469333562,67.0441953806252
2025-06-29 12:00:00,28.01455148562061,63.3669062438868
2025-06-29 13:00:00,27.023966934218066,57.58981927533397
2025-06-29 14:00:00,26.70757597003061,55.09024072561681
2025-06-29 15:00:00,24.65420264217076,54.511966053861975
2025-06-29 16:00:00,25.969777243684835,62.29184048467733
2025-06-29 17:00:00,25.581059478273833,60.485368537092015
2025-06-29 18:00:00,24.844642152741546,52.38337346592304
2025-06-29 19:00:00,26.07905106258805,44.43901966495873
2025-06-29 20:00:00,24.672015841502375,49.23368006374273
2025-06-29 21:00:00,26.953095783061336,46.10866469523692
2025-06-29 22:00:00,26.795683864494325,50.76011692701581
2025-06-29 23:00:00,27.12638972480802,47.97928785864546
